task_id,dataset_name,target_name,n_samples,n_features,missing_data,categorical_features,fold_id,regressor_name,time_on_fold,R2,MSE,RMSE
361618.0,forest_fires,area,517,12,0,2.0,0.0,RandomForestRegressor,0.0941929817199707,-0.0439118687530613,23868.56152479561,154.49453558231633
361618.0,forest_fires,area,517,12,0,2.0,1.0,RandomForestRegressor,0.1376934051513672,-5.820755328473386,1432.7394370860095,37.85154471201948
361618.0,forest_fires,area,517,12,0,2.0,2.0,RandomForestRegressor,0.0920395851135253,-0.038677559903945,10913.394271300249,104.46719232036558
361618.0,forest_fires,area,517,12,0,2.0,3.0,RandomForestRegressor,0.0882112979888916,-0.5520021787002283,1193.6103965668667,34.54866707366388
361618.0,forest_fires,area,517,12,0,2.0,4.0,RandomForestRegressor,0.0897014141082763,-0.2275081736289468,1887.2804419727868,43.44284109002065
361618.0,forest_fires,area,517,12,0,2.0,5.0,RandomForestRegressor,0.0923924446105957,-5.930254122162382,641.1527676675089,25.32099460265155
361618.0,forest_fires,area,517,12,0,2.0,6.0,RandomForestRegressor,0.0869512557983398,0.012822949705932,1571.8163033187584,39.64613856756744
361618.0,forest_fires,area,517,12,0,2.0,7.0,RandomForestRegressor,0.0861408710479736,-0.2313229546263184,1985.6274822447867,44.56038018514639
361618.0,forest_fires,area,517,12,0,2.0,8.0,RandomForestRegressor,0.0919101238250732,-28.891730573363056,7659.923215206703,87.52098728423202
361618.0,forest_fires,area,517,12,0,2.0,9.0,RandomForestRegressor,0.0930531024932861,-4.552503628073645,1419.46608491419,37.675802379168914
361618.0,forest_fires,area,517,12,0,2.0,0.0,XGBRegressor,0.2405531406402588,-0.0714738882109313,24498.754337876275,156.52077925271223
361618.0,forest_fires,area,517,12,0,2.0,1.0,XGBRegressor,0.0561277866363525,-46.460912007216514,9969.441370949677,99.84708994732732
361618.0,forest_fires,area,517,12,0,2.0,2.0,XGBRegressor,0.0548563003540039,-0.0820939765242807,11369.570943171906,106.6281901898926
361618.0,forest_fires,area,517,12,0,2.0,3.0,XGBRegressor,0.0588874816894531,-13.644597978703366,11262.834963003452,106.12650452645396
361618.0,forest_fires,area,517,12,0,2.0,4.0,XGBRegressor,0.0568377971649169,-0.5401188645011012,2367.915972969225,48.66123686230371
361618.0,forest_fires,area,517,12,0,2.0,5.0,XGBRegressor,0.0852742195129394,-7.426080141385475,779.5391782187448,27.9202288353578
361618.0,forest_fires,area,517,12,0,2.0,6.0,XGBRegressor,0.0741987228393554,-0.5519953656206258,2471.138908295097,49.71055127732036
361618.0,forest_fires,area,517,12,0,2.0,7.0,XGBRegressor,0.0681250095367431,-3.4717689391034563,7211.160375408672,84.91855142080952
361618.0,forest_fires,area,517,12,0,2.0,8.0,XGBRegressor,0.0791797637939453,-1.824806000206824,723.8723434340462,26.9048758301176
361618.0,forest_fires,area,517,12,0,2.0,9.0,XGBRegressor,0.146996259689331,-40.86213621434247,10701.81787867336,103.44959100292937
361619.0,student_performance_por,G3,649,30,0,17.0,0.0,RandomForestRegressor,0.1333320140838623,0.374531224979984,4.807449230769231,2.192589617500099
361619.0,student_performance_por,G3,649,30,0,17.0,1.0,RandomForestRegressor,0.1135368347167968,0.110374584717608,11.66177846153846,3.414934620390039
361619.0,student_performance_por,G3,649,30,0,17.0,2.0,RandomForestRegressor,0.1365442276000976,0.3023247933568038,8.630366153846154,2.937748483762038
361619.0,student_performance_por,G3,649,30,0,17.0,3.0,RandomForestRegressor,0.1481785774230957,0.4530998753381783,9.760581538461537,3.1241929419390115
361619.0,student_performance_por,G3,649,30,0,17.0,4.0,RandomForestRegressor,0.1233432292938232,0.0441914746543778,5.890947692307693,2.4271274569555867
361619.0,student_performance_por,G3,649,30,0,17.0,5.0,RandomForestRegressor,0.0957343578338623,0.1947297243308029,8.587135384615385,2.930381440122665
361619.0,student_performance_por,G3,649,30,0,17.0,6.0,RandomForestRegressor,0.1311464309692382,0.3294559993084371,3.6718830769230766,1.9162158221147945
361619.0,student_performance_por,G3,649,30,0,17.0,7.0,RandomForestRegressor,0.0977721214294433,-0.1126695321307778,12.146927692307692,3.48524428014848
361619.0,student_performance_por,G3,649,30,0,17.0,8.0,RandomForestRegressor,0.1294384002685547,0.1886748464392141,6.3150861538461545,2.5129835164294563
361619.0,student_performance_por,G3,649,30,0,17.0,9.0,RandomForestRegressor,0.0969088077545166,0.273334684715955,7.666709375000001,2.7688823331806645
361619.0,student_performance_por,G3,649,30,0,17.0,0.0,XGBRegressor,0.148432970046997,0.1080459952354431,6.855696201324463,2.6183383464813232
361619.0,student_performance_por,G3,649,30,0,17.0,1.0,XGBRegressor,0.1509666442871093,0.0224593877792358,12.814227104187012,3.5796964168548584
361619.0,student_performance_por,G3,649,30,0,17.0,2.0,XGBRegressor,0.1500220298767089,0.1719111204147339,10.243607521057127,3.200563669204712
361619.0,student_performance_por,G3,649,30,0,17.0,3.0,XGBRegressor,0.1478936672210693,0.3712188601493835,11.221919059753418,3.3499133586883545
361619.0,student_performance_por,G3,649,30,0,17.0,4.0,XGBRegressor,0.1484608650207519,-0.2789075374603271,7.882308483123779,2.807544946670532
361619.0,student_performance_por,G3,649,30,0,17.0,5.0,XGBRegressor,0.1483252048492431,-0.0307865142822265,10.99196720123291,3.315413475036621
361619.0,student_performance_por,G3,649,30,0,17.0,6.0,XGBRegressor,0.1520066261291504,0.148684561252594,4.661783695220947,2.159116506576538
361619.0,student_performance_por,G3,649,30,0,17.0,7.0,XGBRegressor,0.1524903774261474,-0.3609137535095215,14.856989860534668,3.8544766902923584
361619.0,student_performance_por,G3,649,30,0,17.0,8.0,XGBRegressor,0.1483707427978515,0.1113927364349365,6.916624069213867,2.6299474239349365
361619.0,student_performance_por,G3,649,30,0,17.0,9.0,XGBRegressor,0.1494894027709961,0.2163026332855224,8.268427848815918,2.875487327575684
361617.0,energy_efficiency,heating_load,768,8,0,0.0,0.0,RandomForestRegressor,0.1380555629730224,0.9960392018464348,0.3231084966233729,0.5684263335062627
361617.0,energy_efficiency,heating_load,768,8,0,0.0,1.0,RandomForestRegressor,0.1411399841308593,0.9983953890193304,0.179037122363636,0.4231277849109369
361617.0,energy_efficiency,heating_load,768,8,0,0.0,2.0,RandomForestRegressor,0.1303803920745849,0.997296238306548,0.2737193963532457,0.5231819916178746
361617.0,energy_efficiency,heating_load,768,8,0,0.0,3.0,RandomForestRegressor,0.1313066482543945,0.9981320951161418,0.1672654125922072,0.4089809440453274
361617.0,energy_efficiency,heating_load,768,8,0,0.0,4.0,RandomForestRegressor,0.166459321975708,0.9983272656010024,0.1646071294805186,0.4057180418474369
361617.0,energy_efficiency,heating_load,768,8,0,0.0,5.0,RandomForestRegressor,0.1321020126342773,0.9948879317842344,0.4655371847480489,0.6823028541256799
361617.0,energy_efficiency,heating_load,768,8,0,0.0,6.0,RandomForestRegressor,0.1303293704986572,0.9981953052991468,0.2072949088779249,0.4552965065514175
361617.0,energy_efficiency,heating_load,768,8,0,0.0,7.0,RandomForestRegressor,0.1317899227142334,0.997736383630476,0.2559601605194814,0.5059250542515971
361617.0,energy_efficiency,heating_load,768,8,0,0.0,8.0,RandomForestRegressor,0.1264433860778808,0.9982147513230376,0.1936637293421033,0.4400724137481278
361617.0,energy_efficiency,heating_load,768,8,0,0.0,9.0,RandomForestRegressor,0.1344006061553955,0.9973160701404254,0.271793201447369,0.5213378956563286
361617.0,energy_efficiency,heating_load,768,8,0,0.0,0.0,XGBRegressor,0.1547853946685791,0.9974526463612144,0.2078044809870551,0.4558557677457368
361617.0,energy_efficiency,heating_load,768,8,0,0.0,1.0,XGBRegressor,0.1466467380523681,0.99866224318683,0.1492624275526016,0.386344959269047
361617.0,energy_efficiency,heating_load,768,8,0,0.0,2.0,XGBRegressor,0.1543366909027099,0.9990680007685968,0.0943523490399493,0.3071682747940439
361617.0,energy_efficiency,heating_load,768,8,0,0.0,3.0,XGBRegressor,0.1474204063415527,0.9992634161368802,0.065958928015122,0.2568247028911395
361617.0,energy_efficiency,heating_load,768,8,0,0.0,4.0,XGBRegressor,0.1466264724731445,0.9990778495468334,0.0907451530475257,0.3012393617167678
361617.0,energy_efficiency,heating_load,768,8,0,0.0,5.0,XGBRegressor,0.1465756893157959,0.9988466403596772,0.1050322056153309,0.3240867254537447
361617.0,energy_efficiency,heating_load,768,8,0,0.0,6.0,XGBRegressor,0.1542842388153076,0.9994071661246978,0.0680954202959759,0.2609509921344924
361617.0,energy_efficiency,heating_load,768,8,0,0.0,7.0,XGBRegressor,0.1516518592834472,0.9988030395684004,0.1353472206388619,0.367895665425487
361617.0,energy_efficiency,heating_load,768,8,0,0.0,8.0,XGBRegressor,0.1512708663940429,0.9991331770219642,0.0940329337711516,0.3066478986902594
361617.0,energy_efficiency,heating_load,768,8,0,0.0,9.0,XGBRegressor,0.1476905345916748,0.998621154727776,0.1396313579140037,0.3736727952554262
361622.0,cars,Price,804,17,0,0.0,0.0,RandomForestRegressor,0.1335570812225341,0.950692792127163,6371952.581101895,2524.2726835866792
361622.0,cars,Price,804,17,0,0.0,1.0,RandomForestRegressor,0.1150588989257812,0.9221215949901695,6790467.09070207,2605.8524690976024
361622.0,cars,Price,804,17,0,0.0,2.0,RandomForestRegressor,0.0878267288208007,0.9336213733885298,6168963.754812346,2483.739872613947
361622.0,cars,Price,804,17,0,0.0,3.0,RandomForestRegressor,0.1167755126953125,0.961471831300434,3908014.9023429207,1976.8699760841432
361622.0,cars,Price,804,17,0,0.0,4.0,RandomForestRegressor,0.0982542037963867,0.905739431364456,5472958.058858352,2339.435414551629
361622.0,cars,Price,804,17,0,0.0,5.0,RandomForestRegressor,0.1204578876495361,0.937373631349183,7635623.328035136,2763.2631666265765
361622.0,cars,Price,804,17,0,0.0,6.0,RandomForestRegressor,0.0938386917114257,0.9707959201498848,3761725.612953922,1939.5168503918503
361622.0,cars,Price,804,17,0,0.0,7.0,RandomForestRegressor,0.1256289482116699,0.942449531861326,4335574.762921592,2082.2043038380243
361622.0,cars,Price,804,17,0,0.0,8.0,RandomForestRegressor,0.0947217941284179,0.9578401706377224,4929377.9764876375,2220.220254048602
361622.0,cars,Price,804,17,0,0.0,9.0,RandomForestRegressor,0.1315963268280029,0.8759402774039766,6066420.678166357,2463.010490876228
361622.0,cars,Price,804,17,0,0.0,0.0,XGBRegressor,0.1422510147094726,0.9412967161050516,7586204.075847473,2754.3064600453367
361622.0,cars,Price,804,17,0,0.0,1.0,XGBRegressor,0.139559268951416,0.9334490267318816,5802792.106159693,2408.898525500751
361622.0,cars,Price,804,17,0,0.0,2.0,XGBRegressor,0.1414406299591064,0.913965502268509,7995701.707955208,2827.6671847930065
361622.0,cars,Price,804,17,0,0.0,3.0,XGBRegressor,0.1390948295593261,0.9411567064984988,5968632.189606128,2443.0784247760303
361622.0,cars,Price,804,17,0,0.0,4.0,XGBRegressor,0.138430118560791,0.9162992092926656,4859836.1294182055,2204.5036015888486
361622.0,cars,Price,804,17,0,0.0,5.0,XGBRegressor,0.1408841609954834,0.93553058934891,7860333.379009001,2803.6286093220338
361622.0,cars,Price,804,17,0,0.0,6.0,XGBRegressor,0.1399469375610351,0.961828625215328,4916786.933405058,2217.382901847369
361622.0,cars,Price,804,17,0,0.0,7.0,XGBRegressor,0.1371216773986816,0.9432943896391892,4271927.251816472,2066.864110631483
361622.0,cars,Price,804,17,0,0.0,8.0,XGBRegressor,0.1433336734771728,0.9552280341208,5234792.121014937,2287.9668094216177
361622.0,cars,Price,804,17,0,0.0,9.0,XGBRegressor,0.1418037414550781,0.8912025116751747,5320109.694711173,2306.536298155997
361621.0,QSAR_fish_toxicity,LC50,908,6,0,0.0,0.0,RandomForestRegressor,0.1372408866882324,0.5962808242146528,0.8947778398735229,0.945926973858724
361621.0,QSAR_fish_toxicity,LC50,908,6,0,0.0,1.0,RandomForestRegressor,0.121356725692749,0.5017126940087412,1.140998411021871,1.068175271676831
361621.0,QSAR_fish_toxicity,LC50,908,6,0,0.0,2.0,RandomForestRegressor,0.1110341548919677,0.5700569308015294,0.8553525471377866,0.924852716456943
361621.0,QSAR_fish_toxicity,LC50,908,6,0,0.0,3.0,RandomForestRegressor,0.129425048828125,0.6822589919543625,0.7503810591437869,0.8662453804458566
361621.0,QSAR_fish_toxicity,LC50,908,6,0,0.0,4.0,RandomForestRegressor,0.1159000396728515,0.5499626796888883,0.6777883270861901,0.8232790092588236
361621.0,QSAR_fish_toxicity,LC50,908,6,0,0.0,5.0,RandomForestRegressor,0.124629259109497,0.7108847840725218,0.6673990255509729,0.8169449342219908
361621.0,QSAR_fish_toxicity,LC50,908,6,0,0.0,6.0,RandomForestRegressor,0.1379616260528564,0.6071328268241547,0.7613130306883509,0.8725325384696841
361621.0,QSAR_fish_toxicity,LC50,908,6,0,0.0,7.0,RandomForestRegressor,0.1256847381591797,0.6873049034793934,0.8102814063477053,0.9001563232837424
361621.0,QSAR_fish_toxicity,LC50,908,6,0,0.0,8.0,RandomForestRegressor,0.1403746604919433,0.5377927742523811,0.9238525867424192,0.9611725062351812
361621.0,QSAR_fish_toxicity,LC50,908,6,0,0.0,9.0,RandomForestRegressor,0.0973274707794189,0.5678841234235006,0.8208724258240143,0.906020102328869
361621.0,QSAR_fish_toxicity,LC50,908,6,0,0.0,0.0,XGBRegressor,0.149501085281372,0.5578223353725729,0.980014820514771,0.9899569791232198
361621.0,QSAR_fish_toxicity,LC50,908,6,0,0.0,1.0,XGBRegressor,0.1796541213989257,0.4775877817744732,1.1962406100391276,1.0937278500793182
361621.0,QSAR_fish_toxicity,LC50,908,6,0,0.0,2.0,XGBRegressor,0.1456751823425293,0.4993581198845783,0.9960046760583984,0.998000338706555
361621.0,QSAR_fish_toxicity,LC50,908,6,0,0.0,3.0,XGBRegressor,0.1449401378631591,0.6762024805089323,0.7646841908078171,0.8744622294918273
361621.0,QSAR_fish_toxicity,LC50,908,6,0,0.0,4.0,XGBRegressor,0.1440088748931884,0.5283281635620524,0.710371452598515,0.8428353650615967
361621.0,QSAR_fish_toxicity,LC50,908,6,0,0.0,5.0,XGBRegressor,0.1424682140350341,0.6445163191296841,0.8206052436604845,0.9058726420753
361621.0,QSAR_fish_toxicity,LC50,908,6,0,0.0,6.0,XGBRegressor,0.1423442363739013,0.5653986849610159,0.8421870466265124,0.9177074951347584
361621.0,QSAR_fish_toxicity,LC50,908,6,0,0.0,7.0,XGBRegressor,0.1434121131896972,0.6330321491099264,0.9509174579717424,0.9751499669136756
361621.0,QSAR_fish_toxicity,LC50,908,6,0,0.0,8.0,XGBRegressor,0.1396825313568115,0.466747070982633,1.0658576292566846,1.0324038111401397
361621.0,QSAR_fish_toxicity,LC50,908,6,0,0.0,9.0,XGBRegressor,0.1399073600769043,0.5442495134121013,0.86577010421336,0.9304676803701244
361237.0,concrete_compressive_strength,strength,"1,030",8,0,0.0,0.0,RandomForestRegressor,0.209658145904541,0.8669570150416301,36.30039227066543,6.02498068633132
361237.0,concrete_compressive_strength,strength,"1,030",8,0,0.0,1.0,RandomForestRegressor,0.149254560470581,0.8997010288646584,31.75935517362442,5.635543911072331
361237.0,concrete_compressive_strength,strength,"1,030",8,0,0.0,2.0,RandomForestRegressor,0.1320934295654297,0.9073432424929708,25.207313096329568,5.02068850819582
361237.0,concrete_compressive_strength,strength,"1,030",8,0,0.0,3.0,RandomForestRegressor,0.1306879520416259,0.9063897185245152,22.59809851387085,4.753745735088368
361237.0,concrete_compressive_strength,strength,"1,030",8,0,0.0,4.0,RandomForestRegressor,0.1186814308166503,0.8826905131948067,34.34411309018472,5.860385063302984
361237.0,concrete_compressive_strength,strength,"1,030",8,0,0.0,5.0,RandomForestRegressor,0.1243741512298584,0.8411770224441282,40.18011880351293,6.338778967870147
361237.0,concrete_compressive_strength,strength,"1,030",8,0,0.0,6.0,RandomForestRegressor,0.1554834842681884,0.9284147919131795,21.029586447377085,4.585802704802845
361237.0,concrete_compressive_strength,strength,"1,030",8,0,0.0,7.0,RandomForestRegressor,0.114858865737915,0.9377545770778236,18.461099123447887,4.296638118744455
361237.0,concrete_compressive_strength,strength,"1,030",8,0,0.0,8.0,RandomForestRegressor,0.1416940689086914,0.9169653991983118,21.64814285758095,4.652756479505558
361237.0,concrete_compressive_strength,strength,"1,030",8,0,0.0,9.0,RandomForestRegressor,0.1227679252624511,0.9078018492951776,24.74360576016876,4.974294498737359
361237.0,concrete_compressive_strength,strength,"1,030",8,0,0.0,0.0,XGBRegressor,0.151973009109497,0.909878268998694,24.58945271321491,4.958775323929782
361237.0,concrete_compressive_strength,strength,"1,030",8,0,0.0,1.0,XGBRegressor,0.1498358249664306,0.9139795546599478,27.23810468665339,5.219013765708363
361237.0,concrete_compressive_strength,strength,"1,030",8,0,0.0,2.0,XGBRegressor,0.1492218971252441,0.9311274919399086,18.736797197641007,4.328602222154515
361237.0,concrete_compressive_strength,strength,"1,030",8,0,0.0,3.0,XGBRegressor,0.1500825881958007,0.9266747499630724,17.7011669847681,4.207275482395716
361237.0,concrete_compressive_strength,strength,"1,030",8,0,0.0,4.0,XGBRegressor,0.1543376445770263,0.9267803846671894,21.43614142295051,4.62991807950751
361237.0,concrete_compressive_strength,strength,"1,030",8,0,0.0,5.0,XGBRegressor,0.1517300605773925,0.8633784408194326,34.56345274137206,5.879069036962576
361237.0,concrete_compressive_strength,strength,"1,030",8,0,0.0,6.0,XGBRegressor,0.1506605148315429,0.9365143490714378,18.65017955596341,4.318585365135603
361237.0,concrete_compressive_strength,strength,"1,030",8,0,0.0,7.0,XGBRegressor,0.1483576297760009,0.9597365632745988,11.941557491988451,3.455655870017796
361237.0,concrete_compressive_strength,strength,"1,030",8,0,0.0,8.0,XGBRegressor,0.1503853797912597,0.9226629040857164,20.16273317844159,4.490293217423734
361237.0,concrete_compressive_strength,strength,"1,030",8,0,0.0,9.0,XGBRegressor,0.1556167602539062,0.9410854038425686,15.81115813815111,3.976324702303763
361243.0,geographical_origin_of_music,latitude,"1,059",116,0,0.0,0.0,RandomForestRegressor,1.1253714561462402,0.2946940106946349,238.1701187904717,15.432761217308837
361243.0,geographical_origin_of_music,latitude,"1,059",116,0,0.0,1.0,RandomForestRegressor,1.096078872680664,0.2455015096670333,240.642523773302,15.512656889562855
361243.0,geographical_origin_of_music,latitude,"1,059",116,0,0.0,2.0,RandomForestRegressor,1.005397081375122,0.32275313796321,185.2245725062264,13.609723454436038
361243.0,geographical_origin_of_music,latitude,"1,059",116,0,0.0,3.0,RandomForestRegressor,1.0888826847076416,0.4398852287732551,178.97301765962266,13.378079744852124
361243.0,geographical_origin_of_music,latitude,"1,059",116,0,0.0,4.0,RandomForestRegressor,1.069455862045288,0.2114402581364012,328.8728711856605,18.1348523894092
361243.0,geographical_origin_of_music,latitude,"1,059",116,0,0.0,5.0,RandomForestRegressor,1.2040472030639648,0.188833502449723,266.0395482587736,16.31071881490125
361243.0,geographical_origin_of_music,latitude,"1,059",116,0,0.0,6.0,RandomForestRegressor,1.0522243976593018,0.1777516753035136,207.4609375180188,14.403504348526395
361243.0,geographical_origin_of_music,latitude,"1,059",116,0,0.0,7.0,RandomForestRegressor,1.156592845916748,0.289799663099166,252.92359908679248,15.903571897117718
361243.0,geographical_origin_of_music,latitude,"1,059",116,0,0.0,8.0,RandomForestRegressor,1.136993408203125,0.1036782289784277,373.8704953410378,19.335731052666144
361243.0,geographical_origin_of_music,latitude,"1,059",116,0,0.0,9.0,RandomForestRegressor,1.1672143936157229,0.3487541842343752,236.41153386666667,15.375679948108528
361243.0,geographical_origin_of_music,latitude,"1,059",116,0,0.0,0.0,XGBRegressor,0.6379907131195068,0.1758396529787688,278.30526144512623,16.682483671358
361243.0,geographical_origin_of_music,latitude,"1,059",116,0,0.0,1.0,XGBRegressor,0.6116783618927002,0.2116834520472327,251.4285794632853,15.856499596798953
361243.0,geographical_origin_of_music,latitude,"1,059",116,0,0.0,2.0,XGBRegressor,0.4223124980926513,0.1967535175068089,219.6850139541129,14.82177499337083
361243.0,geographical_origin_of_music,latitude,"1,059",116,0,0.0,3.0,XGBRegressor,0.4271206855773926,0.3012116021984178,223.2832888626921,14.94266672527672
361243.0,geographical_origin_of_music,latitude,"1,059",116,0,0.0,4.0,XGBRegressor,0.3860297203063965,0.1606864685585787,350.03999856470256,18.709355909937216
361243.0,geographical_origin_of_music,latitude,"1,059",116,0,0.0,5.0,XGBRegressor,0.3891332149505615,0.2191132872976393,256.1086397379699,16.003394631701422
361243.0,geographical_origin_of_music,latitude,"1,059",116,0,0.0,6.0,XGBRegressor,0.3878927230834961,-0.0093892096760288,254.6783319227307,15.95864442622652
361243.0,geographical_origin_of_music,latitude,"1,059",116,0,0.0,7.0,XGBRegressor,0.4012293815612793,0.2412862766402649,270.20066820311854,16.4377817299999
361243.0,geographical_origin_of_music,latitude,"1,059",116,0,0.0,8.0,XGBRegressor,0.3809337615966797,0.0496797566983608,396.3941427985778,19.90964948959619
361243.0,geographical_origin_of_music,latitude,"1,059",116,0,0.0,9.0,XGBRegressor,0.3692405223846435,0.2944573591358738,256.1220569823292,16.0038138261581
361244.0,solar_flare,c_class_flares,"1,066",10,0,8.0,0.0,RandomForestRegressor,0.1139590740203857,0.1156921052356393,1.1139390740057304,1.0554331215220274
361244.0,solar_flare,c_class_flares,"1,066",10,0,8.0,1.0,RandomForestRegressor,0.091318130493164,-0.2641233237514717,0.8106553797697008,0.9003640262525491
361244.0,solar_flare,c_class_flares,"1,066",10,0,8.0,2.0,RandomForestRegressor,0.0942194461822509,-0.4168722330026924,0.6180330100109569,0.7861507552695964
361244.0,solar_flare,c_class_flares,"1,066",10,0,8.0,3.0,RandomForestRegressor,0.0904061794281005,-0.0622366082101615,1.1153994675432404,1.056124740522274
361244.0,solar_flare,c_class_flares,"1,066",10,0,8.0,4.0,RandomForestRegressor,0.0934805870056152,-0.0089318853245143,0.561878740573771,0.7495857126264954
361244.0,solar_flare,c_class_flares,"1,066",10,0,8.0,5.0,RandomForestRegressor,0.0874381065368652,-0.078358485297493,0.6517810043024411,0.8073295512381801
361244.0,solar_flare,c_class_flares,"1,066",10,0,8.0,6.0,RandomForestRegressor,0.0853323936462402,-0.0380771467681573,0.427204407854749,0.6536087574801527
361244.0,solar_flare,c_class_flares,"1,066",10,0,8.0,7.0,RandomForestRegressor,0.0865883827209472,-0.0531585212406409,0.637087795378483,0.7981777968463436
361244.0,solar_flare,c_class_flares,"1,066",10,0,8.0,8.0,RandomForestRegressor,0.0929768085479736,-0.1706253497087397,0.7484667597283363,0.8651397342212045
361244.0,solar_flare,c_class_flares,"1,066",10,0,8.0,9.0,RandomForestRegressor,0.098001480102539,-0.0031527422018979,0.7329014649995887,0.8560966446608634
361244.0,solar_flare,c_class_flares,"1,066",10,0,8.0,0.0,XGBRegressor,0.0633208751678466,0.153976023197174,1.0657140016555786,1.0323342084884644
361244.0,solar_flare,c_class_flares,"1,066",10,0,8.0,1.0,XGBRegressor,0.0515182018280029,-0.4707372188568115,0.9431523680686952,0.9711602926254272
361244.0,solar_flare,c_class_flares,"1,066",10,0,8.0,2.0,XGBRegressor,0.0631062984466552,-0.8025959730148315,0.7862839102745056,0.8867264986038208
361244.0,solar_flare,c_class_flares,"1,066",10,0,8.0,3.0,XGBRegressor,0.0557112693786621,-0.1507601737976074,1.2083535194396973,1.099251389503479
361244.0,solar_flare,c_class_flares,"1,066",10,0,8.0,4.0,XGBRegressor,0.0607969760894775,-0.1870406866073608,0.6610683798789978,0.8130611181259155
361244.0,solar_flare,c_class_flares,"1,066",10,0,8.0,5.0,XGBRegressor,0.0557875633239746,-0.3989222049713135,0.8455359935760498,0.9195303320884703
361244.0,solar_flare,c_class_flares,"1,066",10,0,8.0,6.0,XGBRegressor,0.058953046798706,-0.3872489929199219,0.5709006190299988,0.7555796504020691
361244.0,solar_flare,c_class_flares,"1,066",10,0,8.0,7.0,XGBRegressor,0.057370901107788,-0.3212180137634277,0.7992452383041382,0.8940051794052124
361244.0,solar_flare,c_class_flares,"1,066",10,0,8.0,8.0,XGBRegressor,0.0649566650390625,-0.1682550907135009,0.7469510436058044,0.8642632961273193
361244.0,solar_flare,c_class_flares,"1,066",10,0,8.0,9.0,XGBRegressor,0.0609900951385498,-0.0837923288345336,0.7918165922164917,0.8898407816886902
361264.0,socmob,counts_for_sons_current_occupation,"1,156",5,0,4.0,0.0,RandomForestRegressor,0.1254885196685791,0.7688078142627832,149.13814930172407,12.212213120549611
361264.0,socmob,counts_for_sons_current_occupation,"1,156",5,0,4.0,1.0,RandomForestRegressor,0.1068761348724365,0.8115188106563274,182.9315265689656,13.525218170845363
361264.0,socmob,counts_for_sons_current_occupation,"1,156",5,0,4.0,2.0,RandomForestRegressor,0.0973029136657714,0.1483662526240892,1101.964765991378,33.19585465071472
361264.0,socmob,counts_for_sons_current_occupation,"1,156",5,0,4.0,3.0,RandomForestRegressor,0.1046652793884277,0.9062610417234972,122.013000198276,11.045949492835645
361264.0,socmob,counts_for_sons_current_occupation,"1,156",5,0,4.0,4.0,RandomForestRegressor,0.0998852252960205,0.7179882336112782,326.00883514655163,18.05571475036509
361264.0,socmob,counts_for_sons_current_occupation,"1,156",5,0,4.0,5.0,RandomForestRegressor,0.1042418479919433,0.8224468454070681,524.2622641465523,22.896774099129168
361264.0,socmob,counts_for_sons_current_occupation,"1,156",5,0,4.0,6.0,RandomForestRegressor,0.0974929332733154,0.7664753546244444,545.8311644086959,23.36302986362633
361264.0,socmob,counts_for_sons_current_occupation,"1,156",5,0,4.0,7.0,RandomForestRegressor,0.1025333404541015,0.8239596272887517,475.4252110695663,21.80424754651181
361264.0,socmob,counts_for_sons_current_occupation,"1,156",5,0,4.0,8.0,RandomForestRegressor,0.091764211654663,0.8560791449118661,221.4306546782607,14.880546182121837
361264.0,socmob,counts_for_sons_current_occupation,"1,156",5,0,4.0,9.0,RandomForestRegressor,0.0881183147430419,0.7036011407432414,528.5609900695653,22.99045432499248
361264.0,socmob,counts_for_sons_current_occupation,"1,156",5,0,4.0,0.0,XGBRegressor,0.0758459568023681,0.9067601515604194,60.14744137268562,7.755478152421398
361264.0,socmob,counts_for_sons_current_occupation,"1,156",5,0,4.0,1.0,XGBRegressor,0.0525267124176025,0.8624082227958318,133.54050839206704,11.555972844900037
361264.0,socmob,counts_for_sons_current_occupation,"1,156",5,0,4.0,2.0,XGBRegressor,0.051776647567749,0.0043764815652361,1288.2791938295502,35.89260639504396
361264.0,socmob,counts_for_sons_current_occupation,"1,156",5,0,4.0,3.0,XGBRegressor,0.0561482906341552,0.8731243221676867,165.1445929113858,12.8508596176048
361264.0,socmob,counts_for_sons_current_occupation,"1,156",5,0,4.0,4.0,XGBRegressor,0.0555033683776855,0.8710491093831758,149.06870794587695,12.209369678483691
361264.0,socmob,counts_for_sons_current_occupation,"1,156",5,0,4.0,5.0,XGBRegressor,0.0594301223754882,0.9230203397847304,227.2983042752208,15.076415498228377
361264.0,socmob,counts_for_sons_current_occupation,"1,156",5,0,4.0,6.0,XGBRegressor,0.0611577033996582,0.7858188127353571,500.6185392170786,22.374506457508254
361264.0,socmob,counts_for_sons_current_occupation,"1,156",5,0,4.0,7.0,XGBRegressor,0.0641660690307617,0.8820371928969296,318.577446761747,17.84873795991602
361264.0,socmob,counts_for_sons_current_occupation,"1,156",5,0,4.0,8.0,XGBRegressor,0.0657227039337158,0.9033157858750162,148.7543192933228,12.196487990127435
361264.0,socmob,counts_for_sons_current_occupation,"1,156",5,0,4.0,9.0,XGBRegressor,0.0560884475708007,0.8027859969831327,351.68701037367674,18.753319982703776
361616.0,Moneyball,RS,"1,232",10,"3,600",4.0,0.0,RandomForestRegressor,0.1295430660247802,0.9320139383253222,561.3670483870967,23.69318569519719
361616.0,Moneyball,RS,"1,232",10,"3,600",4.0,1.0,RandomForestRegressor,0.1130297183990478,0.9088209579510934,724.2244274193548,26.911418160687013
361616.0,Moneyball,RS,"1,232",10,"3,600",4.0,2.0,RandomForestRegressor,0.0994377136230468,0.9216369928818072,623.2576520325202,24.965128720527765
361616.0,Moneyball,RS,"1,232",10,"3,600",4.0,3.0,RandomForestRegressor,0.1078033447265625,0.9212602066324695,659.5776373983739,25.682243620804897
361616.0,Moneyball,RS,"1,232",10,"3,600",4.0,4.0,RandomForestRegressor,0.1019253730773925,0.9286744029923424,653.5130390243902,25.563901091664203
361616.0,Moneyball,RS,"1,232",10,"3,600",4.0,5.0,RandomForestRegressor,0.1133646965026855,0.9295729872996176,561.3273487804878,23.692347895058603
361616.0,Moneyball,RS,"1,232",10,"3,600",4.0,6.0,RandomForestRegressor,0.1292626857757568,0.9291737715021384,596.1543040650406,24.4162712973345
361616.0,Moneyball,RS,"1,232",10,"3,600",4.0,7.0,RandomForestRegressor,0.1029045581817627,0.9340343062069858,561.8054796747967,23.70243615485119
361616.0,Moneyball,RS,"1,232",10,"3,600",4.0,8.0,RandomForestRegressor,0.1130566596984863,0.918345177611773,663.8455130081302,25.76519965007316
361616.0,Moneyball,RS,"1,232",10,"3,600",4.0,9.0,RandomForestRegressor,0.0974957942962646,0.9384327608775832,527.8275349593496,22.974497490899548
361616.0,Moneyball,RS,"1,232",10,"3,600",4.0,0.0,XGBRegressor,0.065643310546875,0.9287787675857544,588.080322265625,24.250368118286133
361616.0,Moneyball,RS,"1,232",10,"3,600",4.0,1.0,XGBRegressor,0.0674293041229248,0.917494773864746,655.32958984375,25.59940528869629
361616.0,Moneyball,RS,"1,232",10,"3,600",4.0,2.0,XGBRegressor,0.0636944770812988,0.9250176548957824,596.3697509765625,24.42068290710449
361616.0,Moneyball,RS,"1,232",10,"3,600",4.0,3.0,XGBRegressor,0.0635976791381836,0.9233662486076356,641.9361572265625,25.33645820617676
361616.0,Moneyball,RS,"1,232",10,"3,600",4.0,4.0,XGBRegressor,0.06512451171875,0.9280722737312316,659.0298461914062,25.67157745361328
361616.0,Moneyball,RS,"1,232",10,"3,600",4.0,5.0,XGBRegressor,0.0640549659729003,0.930105686187744,557.0814208984375,23.60257148742676
361616.0,Moneyball,RS,"1,232",10,"3,600",4.0,6.0,XGBRegressor,0.0663900375366211,0.9219855070114136,656.658935546875,25.625356674194336
361616.0,Moneyball,RS,"1,232",10,"3,600",4.0,7.0,XGBRegressor,0.0648272037506103,0.9282849431037904,610.7705688476562,24.713773727416992
361616.0,Moneyball,RS,"1,232",10,"3,600",4.0,8.0,XGBRegressor,0.0692980289459228,0.9211958646774292,640.6696166992188,25.311452865600582
361616.0,Moneyball,RS,"1,232",10,"3,600",4.0,9.0,XGBRegressor,0.0648143291473388,0.9317726492881776,584.9258422851562,24.18523979187012
361235.0,airfoil_self_noise,sound_pressure,"1,503",5,0,0.0,0.0,RandomForestRegressor,0.1292090415954589,0.9413996204757422,3.2107945123417085,1.7918689997713864
361235.0,airfoil_self_noise,sound_pressure,"1,503",5,0,0.0,1.0,RandomForestRegressor,0.1015665531158447,0.9356885080135182,2.6940280843390765,1.6413494705086655
361235.0,airfoil_self_noise,sound_pressure,"1,503",5,0,0.0,2.0,RandomForestRegressor,0.0954453945159912,0.9160808296102514,3.5872747632999973,1.8940102331560928
361235.0,airfoil_self_noise,sound_pressure,"1,503",5,0,0.0,3.0,RandomForestRegressor,0.0947020053863525,0.8966725203006278,4.83396310966996,2.198627551376076
361235.0,airfoil_self_noise,sound_pressure,"1,503",5,0,0.0,4.0,RandomForestRegressor,0.0960180759429931,0.9487364148970654,2.3726592443040264,1.5403438720961065
361235.0,airfoil_self_noise,sound_pressure,"1,503",5,0,0.0,5.0,RandomForestRegressor,0.0917952060699462,0.9392836820831612,3.073597010076692,1.7531677073448195
361235.0,airfoil_self_noise,sound_pressure,"1,503",5,0,0.0,6.0,RandomForestRegressor,0.1008682250976562,0.9238958675025848,3.365137193507981,1.834431027187444
361235.0,airfoil_self_noise,sound_pressure,"1,503",5,0,0.0,7.0,RandomForestRegressor,0.1167051792144775,0.9148319484978472,4.446396755994648,2.108648087281197
361235.0,airfoil_self_noise,sound_pressure,"1,503",5,0,0.0,8.0,RandomForestRegressor,0.1008155345916748,0.939749817333365,2.940126588884693,1.7146797336192825
361235.0,airfoil_self_noise,sound_pressure,"1,503",5,0,0.0,9.0,RandomForestRegressor,0.1041884422302246,0.9354072530511852,2.85665816264668,1.6901651288104012
361235.0,airfoil_self_noise,sound_pressure,"1,503",5,0,0.0,0.0,XGBRegressor,0.0832562446594238,0.9423631024305406,3.158004025346203,1.7770773830495403
361235.0,airfoil_self_noise,sound_pressure,"1,503",5,0,0.0,1.0,XGBRegressor,0.0570087432861328,0.9440559971214332,2.3435114044140866,1.53085316226413
361235.0,airfoil_self_noise,sound_pressure,"1,503",5,0,0.0,2.0,XGBRegressor,0.0575103759765625,0.946200285867992,2.299764831827777,1.516497554177974
361235.0,airfoil_self_noise,sound_pressure,"1,503",5,0,0.0,3.0,XGBRegressor,0.0613355636596679,0.906400005710358,4.378882759725308,2.0925780175958333
361235.0,airfoil_self_noise,sound_pressure,"1,503",5,0,0.0,4.0,XGBRegressor,0.0676796436309814,0.9613765292218552,1.7876302409373488,1.337022902173837
361235.0,airfoil_self_noise,sound_pressure,"1,503",5,0,0.0,5.0,XGBRegressor,0.0601520538330078,0.9565175576833476,2.2011793415791034,1.483637200119727
361235.0,airfoil_self_noise,sound_pressure,"1,503",5,0,0.0,6.0,XGBRegressor,0.0601294040679931,0.9434054757822128,2.502470393452456,1.581919844193269
361235.0,airfoil_self_noise,sound_pressure,"1,503",5,0,0.0,7.0,XGBRegressor,0.0612578392028808,0.9496334141209608,2.629505079817689,1.621574876414188
361235.0,airfoil_self_noise,sound_pressure,"1,503",5,0,0.0,8.0,XGBRegressor,0.05881929397583,0.9519779907356803,2.34340843530556,1.5308195306127892
361235.0,airfoil_self_noise,sound_pressure,"1,503",5,0,0.0,9.0,XGBRegressor,0.0658671855926513,0.9641782295308068,1.584242161002482,1.2586668189010473
361250.0,red_wine,quality,"1,599",11,0,0.0,0.0,RandomForestRegressor,0.1298060417175293,0.3805915670232851,0.4229156250000001,0.6503196329498289
361250.0,red_wine,quality,"1,599",11,0,0.0,1.0,RandomForestRegressor,0.1182913780212402,0.4028037926822174,0.4010312499999999,0.6332702819491848
361250.0,red_wine,quality,"1,599",11,0,0.0,2.0,RandomForestRegressor,0.1247422695159912,0.490646342332075,0.27932875,0.5285156099870656
361250.0,red_wine,quality,"1,599",11,0,0.0,3.0,RandomForestRegressor,0.1142616271972656,0.4942408050457089,0.2787800000000001,0.5279962121076249
361250.0,red_wine,quality,"1,599",11,0,0.0,4.0,RandomForestRegressor,0.1218783855438232,0.5838112737834154,0.274278125,0.5237156910003747
361250.0,red_wine,quality,"1,599",11,0,0.0,5.0,RandomForestRegressor,0.1256608963012695,0.5020013160780874,0.35474625,0.5956057840551919
361250.0,red_wine,quality,"1,599",11,0,0.0,6.0,RandomForestRegressor,0.1256585121154785,0.471379065318393,0.3777781249999999,0.6146365796143278
361250.0,red_wine,quality,"1,599",11,0,0.0,7.0,RandomForestRegressor,0.1093568801879882,0.4460632183908045,0.36144375,0.6012019211546151
361250.0,red_wine,quality,"1,599",11,0,0.0,8.0,RandomForestRegressor,0.1234252452850341,0.5160188555403069,0.3168375,0.5628832028049869
361250.0,red_wine,quality,"1,599",11,0,0.0,9.0,RandomForestRegressor,0.1227068901062011,0.4291282006705574,0.3636905660377358,0.6030676297379389
361250.0,red_wine,quality,"1,599",11,0,0.0,0.0,XGBRegressor,0.0657026767730712,0.3844346404075622,0.4202917218208313,0.6482990980148315
361250.0,red_wine,quality,"1,599",11,0,0.0,1.0,XGBRegressor,0.0657796859741211,0.3989165425300598,0.4036416411399841,0.6353279948234558
361250.0,red_wine,quality,"1,599",11,0,0.0,2.0,XGBRegressor,0.0687577724456787,0.4177582859992981,0.3193004131317138,0.5650667548179626
361250.0,red_wine,quality,"1,599",11,0,0.0,3.0,XGBRegressor,0.0679118633270263,0.4223201870918274,0.3184234201908111,0.5642901659011841
361250.0,red_wine,quality,"1,599",11,0,0.0,4.0,XGBRegressor,0.0711431503295898,0.5390883088111877,0.3037515878677368,0.5511366128921509
361250.0,red_wine,quality,"1,599",11,0,0.0,5.0,XGBRegressor,0.0651471614837646,0.4642794132232666,0.3816171586513519,0.6177517175674438
361250.0,red_wine,quality,"1,599",11,0,0.0,6.0,XGBRegressor,0.0663237571716308,0.4576665759086609,0.3875777125358581,0.6225574016571045
361250.0,red_wine,quality,"1,599",11,0,0.0,7.0,XGBRegressor,0.068511962890625,0.3817181587219238,0.403428852558136,0.635160505771637
361250.0,red_wine,quality,"1,599",11,0,0.0,8.0,XGBRegressor,0.0611426830291748,0.479738712310791,0.3405882716178894,0.5835993885993958
361250.0,red_wine,quality,"1,599",11,0,0.0,9.0,XGBRegressor,0.0587859153747558,0.3623479604721069,0.4062348306179046,0.6373655200004578
361236.0,auction_verification,verification.time,"2,043",7,0,2.0,0.0,RandomForestRegressor,0.1288421154022216,0.9929158326994446,754425.4403034254,868.5766749708545
361236.0,auction_verification,verification.time,"2,043",7,0,2.0,1.0,RandomForestRegressor,0.1026277542114257,0.9939177293182428,765174.2336975775,874.7423813315423
361236.0,auction_verification,verification.time,"2,043",7,0,2.0,2.0,RandomForestRegressor,0.1011347770690918,0.9937927326149382,743521.0763005663,862.2766819881924
361236.0,auction_verification,verification.time,"2,043",7,0,2.0,3.0,RandomForestRegressor,0.1029117107391357,0.991634259595048,903307.9197800386,950.4251258147792
361236.0,auction_verification,verification.time,"2,043",7,0,2.0,4.0,RandomForestRegressor,0.0979895591735839,0.9889990939796026,1085413.054554396,1041.8315864641445
361236.0,auction_verification,verification.time,"2,043",7,0,2.0,5.0,RandomForestRegressor,0.0988581180572509,0.9928884477414308,771645.387736931,878.4334850954459
361236.0,auction_verification,verification.time,"2,043",7,0,2.0,6.0,RandomForestRegressor,0.0956428050994873,0.9930632612529384,756051.6688181361,869.51231665695
361236.0,auction_verification,verification.time,"2,043",7,0,2.0,7.0,RandomForestRegressor,0.0932540893554687,0.994172004839125,660687.330716844,812.8267531995019
361236.0,auction_verification,verification.time,"2,043",7,0,2.0,8.0,RandomForestRegressor,0.0993616580963134,0.994360406430834,542511.4378130777,736.5537575853359
361236.0,auction_verification,verification.time,"2,043",7,0,2.0,9.0,RandomForestRegressor,0.0998225212097168,0.992718677528022,618063.2301373701,786.1699753471701
361236.0,auction_verification,verification.time,"2,043",7,0,2.0,0.0,XGBRegressor,0.0642814636230468,0.9985278099858924,156780.26117711197,395.9548726523162
361236.0,auction_verification,verification.time,"2,043",7,0,2.0,1.0,XGBRegressor,0.0615699291229248,0.9983491270602064,207686.4879472264,455.7263301008911
361236.0,auction_verification,verification.time,"2,043",7,0,2.0,2.0,XGBRegressor,0.0614120960235595,0.9986181329764372,165523.2798793662,406.84552336159015
361236.0,auction_verification,verification.time,"2,043",7,0,2.0,3.0,XGBRegressor,0.0604720115661621,0.9968334234896468,341917.5711809457,584.7371812882653
361236.0,auction_verification,verification.time,"2,043",7,0,2.0,4.0,XGBRegressor,0.0657398700714111,0.9984523136865447,152703.68875660078,390.7731934979686
361236.0,auction_verification,verification.time,"2,043",7,0,2.0,5.0,XGBRegressor,0.0615622997283935,0.9987079567550852,140194.31685872513,374.4253154618757
361236.0,auction_verification,verification.time,"2,043",7,0,2.0,6.0,XGBRegressor,0.0702877044677734,0.9982236841048362,193604.8979004272,440.005565760738
361236.0,auction_verification,verification.time,"2,043",7,0,2.0,7.0,XGBRegressor,0.0718951225280761,0.9984045818143163,180863.66810197223,425.2806933096919
361236.0,auction_verification,verification.time,"2,043",7,0,2.0,8.0,XGBRegressor,0.0825371742248535,0.998623329908414,132431.39982001935,363.91125267023466
361236.0,auction_verification,verification.time,"2,043",7,0,2.0,9.0,XGBRegressor,0.0625696182250976,0.998698159401967,110504.62443337117,332.4223585040139
361623.0,space_ga,ln_votes_pop,"3,107",6,0,0.0,0.0,RandomForestRegressor,0.1574370861053466,0.6621063238397282,0.0112551036864085,0.1060900734583993
361623.0,space_ga,ln_votes_pop,"3,107",6,0,0.0,1.0,RandomForestRegressor,0.1390974521636963,0.6145520563460034,0.0166328981512462,0.1289685936623572
361623.0,space_ga,ln_votes_pop,"3,107",6,0,0.0,2.0,RandomForestRegressor,0.1534044742584228,0.6587340895619807,0.0123922751628004,0.1113205963099392
361623.0,space_ga,ln_votes_pop,"3,107",6,0,0.0,3.0,RandomForestRegressor,0.1567468643188476,0.724953992518654,0.0094634583437479,0.0972803080985456
361623.0,space_ga,ln_votes_pop,"3,107",6,0,0.0,4.0,RandomForestRegressor,0.151803970336914,0.6572742099639259,0.0122605936960236,0.1107275652040794
361623.0,space_ga,ln_votes_pop,"3,107",6,0,0.0,5.0,RandomForestRegressor,0.1487898826599121,0.6697359715226718,0.0112065108090167,0.1058608086546515
361623.0,space_ga,ln_votes_pop,"3,107",6,0,0.0,6.0,RandomForestRegressor,0.144122838973999,0.6359778092329462,0.0139743585814105,0.1182131912326647
361623.0,space_ga,ln_votes_pop,"3,107",6,0,0.0,7.0,RandomForestRegressor,0.1569821834564209,0.639453620919634,0.0136828410691647,0.1169736768216026
361623.0,space_ga,ln_votes_pop,"3,107",6,0,0.0,8.0,RandomForestRegressor,0.1625018119812011,0.4946972679629436,0.030154130217547,0.1736494463496703
361623.0,space_ga,ln_votes_pop,"3,107",6,0,0.0,9.0,RandomForestRegressor,0.1525652408599853,0.7293090983150285,0.0102755526716807,0.1013684007552688
361623.0,space_ga,ln_votes_pop,"3,107",6,0,0.0,0.0,XGBRegressor,0.0727503299713134,0.6654715131896614,0.0111430105703482,0.1055604593128895
361623.0,space_ga,ln_votes_pop,"3,107",6,0,0.0,1.0,XGBRegressor,0.0707423686981201,0.6357222349730802,0.0157193599400683,0.1253768716313673
361623.0,space_ga,ln_votes_pop,"3,107",6,0,0.0,2.0,XGBRegressor,0.0637054443359375,0.7272439957969334,0.0099044977919183,0.0995213433988826
361623.0,space_ga,ln_votes_pop,"3,107",6,0,0.0,3.0,XGBRegressor,0.0668621063232421,0.7151662488889741,0.0098002234724875,0.0989960780661917
361623.0,space_ga,ln_votes_pop,"3,107",6,0,0.0,4.0,XGBRegressor,0.0663747787475586,0.6654729859244854,0.0119672925678927,0.1093951213166873
361623.0,space_ga,ln_votes_pop,"3,107",6,0,0.0,5.0,XGBRegressor,0.0699946880340576,0.6966788617998558,0.0102922853255165,0.1014509010581795
361623.0,space_ga,ln_votes_pop,"3,107",6,0,0.0,6.0,XGBRegressor,0.0701146125793457,0.7007548468914404,0.0114876487734895,0.1071804495861513
361623.0,space_ga,ln_votes_pop,"3,107",6,0,0.0,7.0,XGBRegressor,0.0664196014404296,0.6759481375049989,0.0122978634371407,0.1108957322764981
361623.0,space_ga,ln_votes_pop,"3,107",6,0,0.0,8.0,XGBRegressor,0.0693349838256836,0.5674705542435973,0.0258113570407245,0.1606591330759771
361623.0,space_ga,ln_votes_pop,"3,107",6,0,0.0,9.0,XGBRegressor,0.0713965892791748,0.7273964974503695,0.0103481558910811,0.1017258860422514
361234.0,abalone,rings,"4,177",8,0,1.0,0.0,RandomForestRegressor,0.1677517890930175,0.5384931249372298,4.760261004784689,2.1818022377806585
361234.0,abalone,rings,"4,177",8,0,1.0,1.0,RandomForestRegressor,0.1581194400787353,0.5327094597970845,4.92408971291866,2.2190290022707364
361234.0,abalone,rings,"4,177",8,0,1.0,2.0,RandomForestRegressor,0.1637141704559326,0.5721567922543493,4.497226555023924,2.1206665355552543
361234.0,abalone,rings,"4,177",8,0,1.0,3.0,RandomForestRegressor,0.1541221141815185,0.5723383838985592,4.560535167464115,2.135540954293341
361234.0,abalone,rings,"4,177",8,0,1.0,4.0,RandomForestRegressor,0.1646747589111328,0.5144244311180481,5.954078468899521,2.4400980449358016
361234.0,abalone,rings,"4,177",8,0,1.0,5.0,RandomForestRegressor,0.1649520397186279,0.556831495077415,4.822796650717703,2.1960866673967363
361234.0,abalone,rings,"4,177",8,0,1.0,6.0,RandomForestRegressor,0.1504018306732177,0.5430107681802746,4.282407894736842,2.0693979546565813
361234.0,abalone,rings,"4,177",8,0,1.0,7.0,RandomForestRegressor,0.1551458835601806,0.548592300892438,4.1142534772182255,2.028362264788572
361234.0,abalone,rings,"4,177",8,0,1.0,8.0,RandomForestRegressor,0.1570630073547363,0.5277567447345417,4.939803117505995,2.222566785837041
361234.0,abalone,rings,"4,177",8,0,1.0,9.0,RandomForestRegressor,0.1590001583099365,0.5367956517051891,4.47233309352518,2.114789136894073
361234.0,abalone,rings,"4,177",8,0,1.0,0.0,XGBRegressor,0.076993703842163,0.5140459537506104,5.012423515319824,2.238844156265259
361234.0,abalone,rings,"4,177",8,0,1.0,1.0,XGBRegressor,0.0803241729736328,0.488202154636383,5.393087387084961,2.3223021030426025
361234.0,abalone,rings,"4,177",8,0,1.0,2.0,XGBRegressor,0.0782957077026367,0.4875804781913757,5.3862409591674805,2.3208277225494385
361234.0,abalone,rings,"4,177",8,0,1.0,3.0,XGBRegressor,0.1229634284973144,0.5042755007743835,5.286350250244141,2.299206495285034
361234.0,abalone,rings,"4,177",8,0,1.0,4.0,XGBRegressor,0.152219533920288,0.4459274411201477,6.793981552124023,2.6065266132354736
361234.0,abalone,rings,"4,177",8,0,1.0,5.0,XGBRegressor,0.1550333499908447,0.5497288107872009,4.900091648101807,2.2136151790618896
361234.0,abalone,rings,"4,177",8,0,1.0,6.0,XGBRegressor,0.1536252498626709,0.5096287131309509,4.595228672027588,2.143648386001587
361234.0,abalone,rings,"4,177",8,0,1.0,7.0,XGBRegressor,0.1536593437194824,0.4608396887779236,4.914055347442627,2.216766834259033
361234.0,abalone,rings,"4,177",8,0,1.0,8.0,XGBRegressor,0.1538889408111572,0.4902300834655761,5.332342624664307,2.3091864585876465
361234.0,abalone,rings,"4,177",8,0,1.0,9.0,XGBRegressor,0.1541328430175781,0.4681312441825866,5.1353020668029785,2.266120433807373
361249.0,white_wine,quality,"4,898",11,0,0.0,0.0,RandomForestRegressor,0.3866922855377197,0.5575003787687491,0.3284357142857142,0.5730931113577568
361249.0,white_wine,quality,"4,898",11,0,0.0,1.0,RandomForestRegressor,0.4027767181396484,0.5655948448834698,0.3633895918367347,0.6028180420630547
361249.0,white_wine,quality,"4,898",11,0,0.0,2.0,RandomForestRegressor,0.3793535232543945,0.5219117747608369,0.3436440816326531,0.5862116355316168
361249.0,white_wine,quality,"4,898",11,0,0.0,3.0,RandomForestRegressor,0.3751232624053955,0.5147663163716815,0.3580826530612245,0.598400077758371
361249.0,white_wine,quality,"4,898",11,0,0.0,4.0,RandomForestRegressor,0.3666555881500244,0.4923730017761989,0.4082771428571429,0.6389656820652756
361249.0,white_wine,quality,"4,898",11,0,0.0,5.0,RandomForestRegressor,0.338491678237915,0.5287886941258504,0.4081051020408163,0.6388310434229197
361249.0,white_wine,quality,"4,898",11,0,0.0,6.0,RandomForestRegressor,0.3652822971343994,0.4356963894967177,0.4210395918367347,0.6488756366490691
361249.0,white_wine,quality,"4,898",11,0,0.0,7.0,RandomForestRegressor,0.3490724563598633,0.4539386436388806,0.4206014285714285,0.6485379160630692
361249.0,white_wine,quality,"4,898",11,0,0.0,8.0,RandomForestRegressor,0.3490662574768066,0.5214758604138157,0.3919030674846626,0.6260216190233869
361249.0,white_wine,quality,"4,898",11,0,0.0,9.0,RandomForestRegressor,0.3717348575592041,0.5049545819270203,0.3901137014314929,0.6245908272072949
361249.0,white_wine,quality,"4,898",11,0,0.0,0.0,XGBRegressor,0.160485029220581,0.5056878328323364,0.3668924272060394,0.6057164669036865
361249.0,white_wine,quality,"4,898",11,0,0.0,1.0,XGBRegressor,0.1599414348602295,0.5032688975334167,0.4155265986919403,0.64461350440979
361249.0,white_wine,quality,"4,898",11,0,0.0,2.0,XGBRegressor,0.1646561622619629,0.4932073354721069,0.3642764985561371,0.6035532355308533
361249.0,white_wine,quality,"4,898",11,0,0.0,3.0,XGBRegressor,0.1953864097595214,0.4948959350585937,0.3727461695671081,0.6105294227600098
361249.0,white_wine,quality,"4,898",11,0,0.0,4.0,XGBRegressor,0.1581189632415771,0.4521105289459228,0.4406596422195434,0.6638219952583313
361249.0,white_wine,quality,"4,898",11,0,0.0,5.0,XGBRegressor,0.1604945659637451,0.4821968078613281,0.4484573006629944,0.6696695685386658
361249.0,white_wine,quality,"4,898",11,0,0.0,6.0,XGBRegressor,0.1612067222595214,0.3912562131881714,0.4541974067687988,0.6739416718482971
361249.0,white_wine,quality,"4,898",11,0,0.0,7.0,XGBRegressor,0.1580574512481689,0.4365162253379822,0.43402099609375,0.6588026881217957
361249.0,white_wine,quality,"4,898",11,0,0.0,8.0,XGBRegressor,0.1592392921447754,0.4897292256355285,0.4179030656814575,0.6464542150497437
361249.0,white_wine,quality,"4,898",11,0,0.0,9.0,XGBRegressor,0.1612410545349121,0.4393683671951294,0.4417979717254638,0.6646788716316223
361256.0,cpu_activity,usr,"8,192",21,0,0.0,0.0,RandomForestRegressor,1.3803701400756836,0.9847104496274652,5.390376097560977,2.321718350179663
361256.0,cpu_activity,usr,"8,192",21,0,0.0,1.0,RandomForestRegressor,1.2939345836639404,0.9856807895690376,5.983887195121952,2.446198519156193
361256.0,cpu_activity,usr,"8,192",21,0,0.0,2.0,RandomForestRegressor,1.209123611450195,0.9711516640366552,6.982588156288156,2.6424587331287044
361256.0,cpu_activity,usr,"8,192",21,0,0.0,3.0,RandomForestRegressor,1.379244327545166,0.9840429276717376,5.522451404151403,2.3499896604349995
361256.0,cpu_activity,usr,"8,192",21,0,0.0,4.0,RandomForestRegressor,1.3456013202667236,0.9846008429049734,5.129596214896214,2.264861191087925
361256.0,cpu_activity,usr,"8,192",21,0,0.0,5.0,RandomForestRegressor,1.3519504070281982,0.9803350909339718,7.138419658119658,2.671782112770362
361256.0,cpu_activity,usr,"8,192",21,0,0.0,6.0,RandomForestRegressor,1.3244035243988037,0.9834315812552308,6.116508302808303,2.473157557214724
361256.0,cpu_activity,usr,"8,192",21,0,0.0,7.0,RandomForestRegressor,1.3577558994293213,0.9830327564229582,5.895334310134309,2.4280309532899924
361256.0,cpu_activity,usr,"8,192",21,0,0.0,8.0,RandomForestRegressor,1.3664934635162354,0.9722859429914223,6.868238705738706,2.6207324750417977
361256.0,cpu_activity,usr,"8,192",21,0,0.0,9.0,RandomForestRegressor,1.331573724746704,0.9826804353664376,6.238836752136753,2.497766352591201
361256.0,cpu_activity,usr,"8,192",21,0,0.0,0.0,XGBRegressor,0.2292814254760742,0.985072135925293,5.262857437133789,2.2940919399261475
361256.0,cpu_activity,usr,"8,192",21,0,0.0,1.0,XGBRegressor,0.2235660552978515,0.986453890800476,5.660801887512207,2.379244089126587
361256.0,cpu_activity,usr,"8,192",21,0,0.0,2.0,XGBRegressor,0.2221534252166748,0.9755442142486572,5.919397354125977,2.432981252670288
361256.0,cpu_activity,usr,"8,192",21,0,0.0,3.0,XGBRegressor,0.2210273742675781,0.986103653907776,4.809277057647705,2.1930065155029297
361256.0,cpu_activity,usr,"8,192",21,0,0.0,4.0,XGBRegressor,0.2202203273773193,0.9856909513473512,4.766477584838867,2.1832263469696045
361256.0,cpu_activity,usr,"8,192",21,0,0.0,5.0,XGBRegressor,0.2182035446166992,0.9655972123146056,12.488304138183594,3.533879518508911
361256.0,cpu_activity,usr,"8,192",21,0,0.0,6.0,XGBRegressor,0.2331149578094482,0.9842490553855896,5.814730167388916,2.411375045776367
361256.0,cpu_activity,usr,"8,192",21,0,0.0,7.0,XGBRegressor,0.2239801883697509,0.9857423305511476,4.95387601852417,2.2257304191589355
361256.0,cpu_activity,usr,"8,192",21,0,0.0,8.0,XGBRegressor,0.2198641300201416,0.975236177444458,6.137091159820557,2.4773154258728027
361256.0,cpu_activity,usr,"8,192",21,0,0.0,9.0,XGBRegressor,0.2320852279663086,0.9856301546096802,5.176295280456543,2.2751471996307373
361258.0,kin8nm,y,"8,192",8,0,0.0,0.0,RandomForestRegressor,0.930462121963501,0.6713843606277339,0.022877451278609,0.1512529380825677
361258.0,kin8nm,y,"8,192",8,0,0.0,1.0,RandomForestRegressor,0.9725100994110109,0.680146396732577,0.0226395869191347,0.150464570311867
361258.0,kin8nm,y,"8,192",8,0,0.0,2.0,RandomForestRegressor,0.9772238731384276,0.7149672739087307,0.0201559502657403,0.1419716530358803
361258.0,kin8nm,y,"8,192",8,0,0.0,3.0,RandomForestRegressor,0.9551787376403807,0.7224445074534189,0.0191708660394237,0.1384588965701509
361258.0,kin8nm,y,"8,192",8,0,0.0,4.0,RandomForestRegressor,0.9206888675689696,0.696091205026206,0.0208847681024444,0.144515632726859
361258.0,kin8nm,y,"8,192",8,0,0.0,5.0,RandomForestRegressor,0.8758819103240967,0.7132575665419717,0.0211207573631249,0.1453298226900624
361258.0,kin8nm,y,"8,192",8,0,0.0,6.0,RandomForestRegressor,0.8810715675354004,0.6816365087434488,0.0202265125024101,0.1422199441091513
361258.0,kin8nm,y,"8,192",8,0,0.0,7.0,RandomForestRegressor,0.7831857204437256,0.7020678648588942,0.0203601687899317,0.1426890633157698
361258.0,kin8nm,y,"8,192",8,0,0.0,8.0,RandomForestRegressor,0.6678338050842285,0.7030713972557345,0.0210744344596079,0.1451703635719354
361258.0,kin8nm,y,"8,192",8,0,0.0,9.0,RandomForestRegressor,0.4493787288665771,0.7247767260560444,0.0189517157309163,0.1376652306536271
361258.0,kin8nm,y,"8,192",8,0,0.0,0.0,XGBRegressor,0.111093521118164,0.752184226079452,0.0172523538586539,0.1313482160467127
361258.0,kin8nm,y,"8,192",8,0,0.0,1.0,XGBRegressor,0.1075644493103027,0.7645051494733651,0.0166685823859512,0.1291068642092714
361258.0,kin8nm,y,"8,192",8,0,0.0,2.0,XGBRegressor,0.1028203964233398,0.78031063441772,0.0155352263836911,0.1246403882523282
361258.0,kin8nm,y,"8,192",8,0,0.0,3.0,XGBRegressor,0.0997340679168701,0.7930005868080676,0.0142975301412054,0.1195722799866483
361258.0,kin8nm,y,"8,192",8,0,0.0,4.0,XGBRegressor,0.1036033630371093,0.7473959326463167,0.0173590809337085,0.1317538649668713
361258.0,kin8nm,y,"8,192",8,0,0.0,5.0,XGBRegressor,0.1003429889678955,0.7865109071437347,0.0157250926398057,0.1253997314183957
361258.0,kin8nm,y,"8,192",8,0,0.0,6.0,XGBRegressor,0.0962593555450439,0.7429575858294422,0.0163306149940441,0.1277912946723841
361258.0,kin8nm,y,"8,192",8,0,0.0,7.0,XGBRegressor,0.0949273109436035,0.7589824270341144,0.0164707256724791,0.1283383250337914
361258.0,kin8nm,y,"8,192",8,0,0.0,8.0,XGBRegressor,0.1004762649536132,0.7765917686601802,0.0158563442039397,0.1259219766519718
361258.0,kin8nm,y,"8,192",8,0,0.0,9.0,XGBRegressor,0.1046521663665771,0.763700435335118,0.01627145158436,0.1275596001262156
361259.0,pumadyn32nh,thetadd6,"8,192",32,0,0.0,0.0,RandomForestRegressor,1.4922800064086914,0.6844114923656314,0.0004111983515328,0.0202780263224218
361259.0,pumadyn32nh,thetadd6,"8,192",32,0,0.0,1.0,RandomForestRegressor,1.6493372917175293,0.622020315772233,0.0005214226130736,0.0228346800519228
361259.0,pumadyn32nh,thetadd6,"8,192",32,0,0.0,2.0,RandomForestRegressor,1.6765849590301514,0.6346216962105335,0.0005020630806887,0.0224067641726509
361259.0,pumadyn32nh,thetadd6,"8,192",32,0,0.0,3.0,RandomForestRegressor,1.5360496044158936,0.6462563801313017,0.0004618634861578,0.0214910094262194
361259.0,pumadyn32nh,thetadd6,"8,192",32,0,0.0,4.0,RandomForestRegressor,1.4642283916473389,0.6337778875664003,0.0004659475698025,0.0215858187197644
361259.0,pumadyn32nh,thetadd6,"8,192",32,0,0.0,5.0,RandomForestRegressor,1.6702489852905271,0.6281612719375307,0.00048778779282,0.0220859184282656
361259.0,pumadyn32nh,thetadd6,"8,192",32,0,0.0,6.0,RandomForestRegressor,1.5299174785614014,0.6405495069281353,0.0004492603745827,0.021195763128105
361259.0,pumadyn32nh,thetadd6,"8,192",32,0,0.0,7.0,RandomForestRegressor,1.5141193866729736,0.6355639243121207,0.0004470355876459,0.0211432161140631
361259.0,pumadyn32nh,thetadd6,"8,192",32,0,0.0,8.0,RandomForestRegressor,1.568439483642578,0.6137769556713039,0.0004685768235651,0.021646635386709
361259.0,pumadyn32nh,thetadd6,"8,192",32,0,0.0,9.0,RandomForestRegressor,1.6208820343017578,0.6166559882184937,0.0004907202580408,0.0221522066178716
361259.0,pumadyn32nh,thetadd6,"8,192",32,0,0.0,0.0,XGBRegressor,0.2063126564025879,0.6264967415762495,0.0004866587991661,0.0220603444933704
361259.0,pumadyn32nh,thetadd6,"8,192",32,0,0.0,1.0,XGBRegressor,0.2071573734283447,0.5982072409082371,0.0005542727270851,0.0235429974108048
361259.0,pumadyn32nh,thetadd6,"8,192",32,0,0.0,2.0,XGBRegressor,0.2033371925354004,0.5869199961392488,0.0005676095629059,0.023824557979236
361259.0,pumadyn32nh,thetadd6,"8,192",32,0,0.0,3.0,XGBRegressor,0.1964027881622314,0.6038195844572043,0.0005172708639606,0.0227435895135461
361259.0,pumadyn32nh,thetadd6,"8,192",32,0,0.0,4.0,XGBRegressor,0.2118024826049804,0.5796520914349078,0.0005348122896401,0.0231260089431833
361259.0,pumadyn32nh,thetadd6,"8,192",32,0,0.0,5.0,XGBRegressor,0.2173550128936767,0.5765967700675845,0.0005554314583576,0.0235675933934217
361259.0,pumadyn32nh,thetadd6,"8,192",32,0,0.0,6.0,XGBRegressor,0.2031841278076172,0.6018360056514862,0.000497646570791,0.0223079934281653
361259.0,pumadyn32nh,thetadd6,"8,192",32,0,0.0,7.0,XGBRegressor,0.2124576568603515,0.5859193283072508,0.000507932141607,0.0225373499242267
361259.0,pumadyn32nh,thetadd6,"8,192",32,0,0.0,8.0,XGBRegressor,0.2063384056091308,0.5716937941931768,0.000519633316492,0.022795467016319
361259.0,pumadyn32nh,thetadd6,"8,192",32,0,0.0,9.0,XGBRegressor,0.2099664211273193,0.5794826675106652,0.0005383059799234,0.0232014219375331
361251.0,grid_stability,stab,"10,000",12,0,0.0,0.0,RandomForestRegressor,0.7278337478637695,0.8971701917235337,0.0001385213432435,0.0117695090485335
361251.0,grid_stability,stab,"10,000",12,0,0.0,1.0,RandomForestRegressor,0.7841088771820068,0.8990681871505445,0.0001366434316646,0.0116894581424731
361251.0,grid_stability,stab,"10,000",12,0,0.0,2.0,RandomForestRegressor,0.7124133110046387,0.8917871092524714,0.0001435046351228,0.0119793420154385
361251.0,grid_stability,stab,"10,000",12,0,0.0,3.0,RandomForestRegressor,0.7201976776123047,0.8896009809410688,0.0001495556393956,0.0122292943130679
361251.0,grid_stability,stab,"10,000",12,0,0.0,4.0,RandomForestRegressor,0.7536861896514893,0.9072661866551136,0.0001376945899027,0.0117343338073695
361251.0,grid_stability,stab,"10,000",12,0,0.0,5.0,RandomForestRegressor,0.7245252132415771,0.888573934854678,0.0001511590561968,0.0122946759289053
361251.0,grid_stability,stab,"10,000",12,0,0.0,6.0,RandomForestRegressor,0.7675037384033203,0.8869475889791887,0.0001426740787965,0.0119446255193116
361251.0,grid_stability,stab,"10,000",12,0,0.0,7.0,RandomForestRegressor,0.7140138149261475,0.8820374612188826,0.0001539416154129,0.012407321040939
361251.0,grid_stability,stab,"10,000",12,0,0.0,8.0,RandomForestRegressor,0.7715675830841064,0.9019022641852488,0.0001383913150903,0.0117639838103589
361251.0,grid_stability,stab,"10,000",12,0,0.0,9.0,RandomForestRegressor,0.7260463237762451,0.8993892436421684,0.0001422062556558,0.0119250264425624
361251.0,grid_stability,stab,"10,000",12,0,0.0,0.0,XGBRegressor,0.1129686832427978,0.9307353007610734,9.3306010569796e-05,0.0096595036399287
361251.0,grid_stability,stab,"10,000",12,0,0.0,1.0,XGBRegressor,0.130739688873291,0.9355483425392378,8.725589487873171e-05,0.0093410863864291
361251.0,grid_stability,stab,"10,000",12,0,0.0,2.0,XGBRegressor,0.1209332942962646,0.926437366476588,9.755380167306398e-05,0.0098769328069529
361251.0,grid_stability,stab,"10,000",12,0,0.0,3.0,XGBRegressor,0.1157846450805664,0.9238237591361236,0.0001031946343931,0.0101584759877251
361251.0,grid_stability,stab,"10,000",12,0,0.0,4.0,XGBRegressor,0.114417552947998,0.9377464377605864,9.243638769240404e-05,0.0096143844156765
361251.0,grid_stability,stab,"10,000",12,0,0.0,5.0,XGBRegressor,0.1249074935913086,0.9287735357908966,9.662483452181382e-05,0.009829793208497
361251.0,grid_stability,stab,"10,000",12,0,0.0,6.0,XGBRegressor,0.126035451889038,0.9188227041226664,0.0001024471376056,0.0101216173413949
361251.0,grid_stability,stab,"10,000",12,0,0.0,7.0,XGBRegressor,0.1236522197723388,0.9182901406631516,0.0001066317143683,0.0103262633303816
361251.0,grid_stability,stab,"10,000",12,0,0.0,8.0,XGBRegressor,0.1259758472442627,0.9396354371808366,8.515926656223666e-05,0.0092281778570981
361251.0,grid_stability,stab,"10,000",12,0,0.0,9.0,XGBRegressor,0.1187810897827148,0.9338191323261836,9.354202004479492e-05,0.00967171236363
361267.0,brazilian_houses,total,"10,692",9,0,4.0,0.0,RandomForestRegressor,0.2531154155731201,0.1141669107831429,97247438.61170402,9861.41159326108
361267.0,brazilian_houses,total,"10,692",9,0,4.0,1.0,RandomForestRegressor,0.2631509304046631,0.5298634318897076,13719581.16977747,3703.995298293111
361267.0,brazilian_houses,total,"10,692",9,0,4.0,2.0,RandomForestRegressor,0.2393431663513183,0.0416299087577575,19947455.81221493,4466.257472673841
361267.0,brazilian_houses,total,"10,692",9,0,4.0,3.0,RandomForestRegressor,0.2568690776824951,0.8704413218286491,158984660.70576832,12608.91195566724
361267.0,brazilian_houses,total,"10,692",9,0,4.0,4.0,RandomForestRegressor,0.2517085075378418,0.7539605542427439,4667609.347163368,2160.4650765896145
361267.0,brazilian_houses,total,"10,692",9,0,4.0,5.0,RandomForestRegressor,0.4340412616729736,0.6116742366301564,7624806.824182874,2761.305275441829
361267.0,brazilian_houses,total,"10,692",9,0,4.0,6.0,RandomForestRegressor,0.4502556324005127,0.3408803779705021,46542341.72531363,6822.194787992617
361267.0,brazilian_houses,total,"10,692",9,0,4.0,7.0,RandomForestRegressor,0.4331974983215332,0.8386561763423661,190474665.2390344,13801.255929770829
361267.0,brazilian_houses,total,"10,692",9,0,4.0,8.0,RandomForestRegressor,0.4957363605499267,0.2595775775999106,15365954.809966892,3919.943215145711
361267.0,brazilian_houses,total,"10,692",9,0,4.0,9.0,RandomForestRegressor,0.4288563728332519,0.6918632923760142,5621352.500824097,2370.939160084901
361267.0,brazilian_houses,total,"10,692",9,0,4.0,0.0,XGBRegressor,0.157393217086792,0.1119808918104589,97487421.45772532,9873.571869274328
361267.0,brazilian_houses,total,"10,692",9,0,4.0,1.0,XGBRegressor,0.1497693061828613,0.54848527931742,13176156.206383055,3629.897547642778
361267.0,brazilian_houses,total,"10,692",9,0,4.0,2.0,XGBRegressor,0.1492083072662353,-1.3110120752538124,48101262.41822416,6935.50736559512
361267.0,brazilian_houses,total,"10,692",9,0,4.0,3.0,XGBRegressor,0.1486158370971679,0.9644338235203326,43644135.46071332,6606.370823736231
361267.0,brazilian_houses,total,"10,692",9,0,4.0,4.0,XGBRegressor,0.1447863578796386,0.6729774407758143,6203938.354153436,2490.7706345935258
361267.0,brazilian_houses,total,"10,692",9,0,4.0,5.0,XGBRegressor,0.150125503540039,0.1056336113146247,17560954.196266484,4190.579219662419
361267.0,brazilian_houses,total,"10,692",9,0,4.0,6.0,XGBRegressor,0.1500685214996338,0.2711221780144636,51468169.86330738,7174.131993719337
361267.0,brazilian_houses,total,"10,692",9,0,4.0,7.0,XGBRegressor,0.1487295627593994,0.9929019999423946,8379553.392188786,2894.7458251440294
361267.0,brazilian_houses,total,"10,692",9,0,4.0,8.0,XGBRegressor,0.147519826889038,0.7193955402166026,5823372.331878122,2413.166453413051
361267.0,brazilian_houses,total,"10,692",9,0,4.0,9.0,XGBRegressor,0.1452598571777343,0.545665928699777,8288437.906689364,2878.964728281568
361247.0,naval_propulsion_plant,gt_compressor_decay_state_coefficient,"11,934",14,0,0.0,0.0,RandomForestRegressor,1.5529885292053225,0.995799320379124,9.121173366833516e-07,0.0009550483425897
361247.0,naval_propulsion_plant,gt_compressor_decay_state_coefficient,"11,934",14,0,0.0,1.0,RandomForestRegressor,1.4662747383117676,0.9951604394112508,1.0576932998324517e-06,0.0010284421713603
361247.0,naval_propulsion_plant,gt_compressor_decay_state_coefficient,"11,934",14,0,0.0,2.0,RandomForestRegressor,1.491877794265747,0.9962644721923232,7.989288107202139e-07,0.0008938281774033
361247.0,naval_propulsion_plant,gt_compressor_decay_state_coefficient,"11,934",14,0,0.0,3.0,RandomForestRegressor,1.4821484088897705,0.9954261093213036,1.0056382747068355e-06,0.0010028151747489
361247.0,naval_propulsion_plant,gt_compressor_decay_state_coefficient,"11,934",14,0,0.0,4.0,RandomForestRegressor,1.290025234222412,0.995132766215312,1.073759262363771e-06,0.0010362235581011
361247.0,naval_propulsion_plant,gt_compressor_decay_state_coefficient,"11,934",14,0,0.0,5.0,RandomForestRegressor,1.473421335220337,0.9938235915163096,1.2785308466051517e-06,0.0011307213832793
361247.0,naval_propulsion_plant,gt_compressor_decay_state_coefficient,"11,934",14,0,0.0,6.0,RandomForestRegressor,1.49104642868042,0.9958752336331242,8.901740989102718e-07,0.0009434903809315
361247.0,naval_propulsion_plant,gt_compressor_decay_state_coefficient,"11,934",14,0,0.0,7.0,RandomForestRegressor,0.9233555793762208,0.9955504219118548,9.73296814752776e-07,0.0009865580645622
361247.0,naval_propulsion_plant,gt_compressor_decay_state_coefficient,"11,934",14,0,0.0,8.0,RandomForestRegressor,0.8104722499847412,0.9954954221253508,9.8157527242246e-07,0.0009907448069116
361247.0,naval_propulsion_plant,gt_compressor_decay_state_coefficient,"11,934",14,0,0.0,9.0,RandomForestRegressor,0.7178144454956055,0.9950452104709976,1.068928331936282e-06,0.0010338899031987
361247.0,naval_propulsion_plant,gt_compressor_decay_state_coefficient,"11,934",14,0,0.0,0.0,XGBRegressor,0.0904419422149658,0.99335727089673,1.442373359746965e-06,0.001200988492762
361247.0,naval_propulsion_plant,gt_compressor_decay_state_coefficient,"11,934",14,0,0.0,1.0,XGBRegressor,0.0833780765533447,0.992666880893722,1.6026642922117891e-06,0.0012659637799762
361247.0,naval_propulsion_plant,gt_compressor_decay_state_coefficient,"11,934",14,0,0.0,2.0,XGBRegressor,0.0848567485809326,0.9925089115294607,1.602142109735738e-06,0.0012657575240683
361247.0,naval_propulsion_plant,gt_compressor_decay_state_coefficient,"11,934",14,0,0.0,3.0,XGBRegressor,0.0816729068756103,0.9931032557456114,1.5163523748788778e-06,0.0012314026047068
361247.0,naval_propulsion_plant,gt_compressor_decay_state_coefficient,"11,934",14,0,0.0,4.0,XGBRegressor,0.0820925235748291,0.9913453314975268,1.9093043149999112e-06,0.0013817757831862
361247.0,naval_propulsion_plant,gt_compressor_decay_state_coefficient,"11,934",14,0,0.0,5.0,XGBRegressor,0.0834035873413086,0.992896480603345,1.470444950664103e-06,0.0012126190459761
361247.0,naval_propulsion_plant,gt_compressor_decay_state_coefficient,"11,934",14,0,0.0,6.0,XGBRegressor,0.0838315486907959,0.9916538969511977,1.8011892311145108e-06,0.001342083913589
361247.0,naval_propulsion_plant,gt_compressor_decay_state_coefficient,"11,934",14,0,0.0,7.0,XGBRegressor,0.0823132991790771,0.9924640146912898,1.6484148275840403e-06,0.001283906082073
361247.0,naval_propulsion_plant,gt_compressor_decay_state_coefficient,"11,934",14,0,0.0,8.0,XGBRegressor,0.0942723751068115,0.9929761026113664,1.5305505165126051e-06,0.001237154200782
361247.0,naval_propulsion_plant,gt_compressor_decay_state_coefficient,"11,934",14,0,0.0,9.0,XGBRegressor,0.0830793380737304,0.992859336227558,1.5405009174488978e-06,0.0012411691735814
361260.0,miami_housing,SALE_PRC,"13,932",15,0,0.0,0.0,RandomForestRegressor,1.2240121364593506,0.9079343234175886,9639938218.31633,98183.18704501464
361260.0,miami_housing,SALE_PRC,"13,932",15,0,0.0,1.0,RandomForestRegressor,1.1292202472686768,0.872152701803971,11853987166.029242,108876.01740525432
361260.0,miami_housing,SALE_PRC,"13,932",15,0,0.0,2.0,RandomForestRegressor,1.199554443359375,0.8875031596453979,10206930792.487995,101029.35609261296
361260.0,miami_housing,SALE_PRC,"13,932",15,0,0.0,3.0,RandomForestRegressor,1.2032535076141355,0.9140054071086458,9006571510.993404,94902.95838904814
361260.0,miami_housing,SALE_PRC,"13,932",15,0,0.0,4.0,RandomForestRegressor,1.1898927688598633,0.9112539433598592,8380742067.282708,91546.39297800163
361260.0,miami_housing,SALE_PRC,"13,932",15,0,0.0,5.0,RandomForestRegressor,1.130662441253662,0.927001997237944,9006184539.172533,94900.91959076335
361260.0,miami_housing,SALE_PRC,"13,932",15,0,0.0,6.0,RandomForestRegressor,1.2480502128601074,0.90406415274297,9114010777.422323,95467.32832452327
361260.0,miami_housing,SALE_PRC,"13,932",15,0,0.0,7.0,RandomForestRegressor,1.1879286766052246,0.9092415595436852,8674584380.460825,93137.4488616734
361260.0,miami_housing,SALE_PRC,"13,932",15,0,0.0,8.0,RandomForestRegressor,1.173518419265747,0.9068446833834836,8512098429.177878,92261.03418658325
361260.0,miami_housing,SALE_PRC,"13,932",15,0,0.0,9.0,RandomForestRegressor,1.1860573291778564,0.919023858064996,9136635199.993946,95585.74789158656
361260.0,miami_housing,SALE_PRC,"13,932",15,0,0.0,0.0,XGBRegressor,0.1152024269104003,0.9199983659095587,8376746238.386276,91524.56631083414
361260.0,miami_housing,SALE_PRC,"13,932",15,0,0.0,1.0,XGBRegressor,0.1174252033233642,0.8854726349617158,10618964455.872517,103048.35979224762
361260.0,miami_housing,SALE_PRC,"13,932",15,0,0.0,2.0,XGBRegressor,0.1156988143920898,0.8927890313762925,9727339305.605831,98627.27465364656
361260.0,miami_housing,SALE_PRC,"13,932",15,0,0.0,3.0,XGBRegressor,0.11521577835083,0.915548127023995,8844996035.468082,94047.83907920522
361260.0,miami_housing,SALE_PRC,"13,932",15,0,0.0,4.0,XGBRegressor,0.1188955307006836,0.9101482763688604,8485155831.845145,92114.9055899486
361260.0,miami_housing,SALE_PRC,"13,932",15,0,0.0,5.0,XGBRegressor,0.1135604381561279,0.935029197294472,8015822579.851574,89531.12631845739
361260.0,miami_housing,SALE_PRC,"13,932",15,0,0.0,6.0,XGBRegressor,0.1191341876983642,0.9154749085370666,8029976453.86753,89610.1358880095
361260.0,miami_housing,SALE_PRC,"13,932",15,0,0.0,7.0,XGBRegressor,0.1122019290924072,0.9019837556480168,9368276691.537027,96789.85841263032
361260.0,miami_housing,SALE_PRC,"13,932",15,0,0.0,8.0,XGBRegressor,0.1202375888824462,0.9179234136311044,7499775721.647748,86601.24549709287
361260.0,miami_housing,SALE_PRC,"13,932",15,0,0.0,9.0,XGBRegressor,0.1324689388275146,0.9304425330727152,7848252405.756161,88590.3629395216
361272.0,fifa,wage_eur,"19,178",28,0,1.0,0.0,RandomForestRegressor,1.8560538291931152,0.7403755989935754,90873083.4122784,9532.73745638043
361272.0,fifa,wage_eur,"19,178",28,0,1.0,1.0,RandomForestRegressor,1.7608821392059326,0.7618675222684101,91923108.01498955,9587.653936964432
361272.0,fifa,wage_eur,"19,178",28,0,1.0,2.0,RandomForestRegressor,1.7538862228393557,0.7576413039020009,107261648.1448123,10356.71995106618
361272.0,fifa,wage_eur,"19,178",28,0,1.0,3.0,RandomForestRegressor,1.7517518997192385,0.8119725429167503,94210628.32781544,9706.2159633822
361272.0,fifa,wage_eur,"19,178",28,0,1.0,4.0,RandomForestRegressor,1.817178726196289,0.7771036100463954,86454705.67557351,9298.102262051838
361272.0,fifa,wage_eur,"19,178",28,0,1.0,5.0,RandomForestRegressor,1.768620491027832,0.7815587613737408,59676605.1560219,7725.06344025872
361272.0,fifa,wage_eur,"19,178",28,0,1.0,6.0,RandomForestRegressor,2.6917800903320312,0.7629523945928076,92988968.79405633,9643.078802646814
361272.0,fifa,wage_eur,"19,178",28,0,1.0,7.0,RandomForestRegressor,3.432887315750122,0.8130819803287394,71068490.14754952,8430.212936074007
361272.0,fifa,wage_eur,"19,178",28,0,1.0,8.0,RandomForestRegressor,3.61680269241333,0.707273019170828,86053598.3707616,9276.507875852938
361272.0,fifa,wage_eur,"19,178",28,0,1.0,9.0,RandomForestRegressor,3.6132826805114746,0.7729612276682558,86662217.1400626,9309.254381531457
361272.0,fifa,wage_eur,"19,178",28,0,1.0,0.0,XGBRegressor,0.1982295513153076,0.7406533418055912,90775868.56796633,9527.63709258315
361272.0,fifa,wage_eur,"19,178",28,0,1.0,1.0,XGBRegressor,0.1979029178619384,0.7339942339844059,102682662.16766356,10133.245391663204
361272.0,fifa,wage_eur,"19,178",28,0,1.0,2.0,XGBRegressor,0.1974873542785644,0.7706335519418452,101511617.46591967,10075.297388460534
361272.0,fifa,wage_eur,"19,178",28,0,1.0,3.0,XGBRegressor,0.1964147090911865,0.7805756107975131,109941972.82613233,10485.32177980878
361272.0,fifa,wage_eur,"19,178",28,0,1.0,4.0,XGBRegressor,0.1998877525329589,0.7783203373940283,85982774.2784391,9272.689700320998
361272.0,fifa,wage_eur,"19,178",28,0,1.0,5.0,XGBRegressor,0.1980020999908447,0.7772848011164436,60844220.94290928,7800.270568570636
361272.0,fifa,wage_eur,"19,178",28,0,1.0,6.0,XGBRegressor,0.2006566524505615,0.7630975658909129,92932021.03756614,9640.125571670016
361272.0,fifa,wage_eur,"19,178",28,0,1.0,7.0,XGBRegressor,0.1963534355163574,0.7964313153685637,77399274.20332739,8797.685729970546
361272.0,fifa,wage_eur,"19,178",28,0,1.0,8.0,XGBRegressor,0.1978464126586914,0.6897016166991928,91219102.44155824,9550.869198222654
361272.0,fifa,wage_eur,"19,178",28,0,1.0,9.0,XGBRegressor,0.1973152160644531,0.7462834541117268,96845301.64595991,9841.00104897667
361255.0,california_housing,medianHouseValue,"20,640",8,0,0.0,0.0,RandomForestRegressor,1.8915660381317136,0.8228937258640154,2323669190.259335,48204.451975510885
361255.0,california_housing,medianHouseValue,"20,640",8,0,0.0,1.0,RandomForestRegressor,1.9067671298980715,0.7974671536259611,2634907193.129902,51331.34708080338
361255.0,california_housing,medianHouseValue,"20,640",8,0,0.0,2.0,RandomForestRegressor,1.8096189498901367,0.8262076087695234,2326715995.6617346,48236.0445689915
361255.0,california_housing,medianHouseValue,"20,640",8,0,0.0,3.0,RandomForestRegressor,1.8202061653137207,0.8293525144146868,2232881368.6024365,47253.37415045022
361255.0,california_housing,medianHouseValue,"20,640",8,0,0.0,4.0,RandomForestRegressor,1.870198965072632,0.8216325923651288,2423240212.47656,49226.41783104433
361255.0,california_housing,medianHouseValue,"20,640",8,0,0.0,5.0,RandomForestRegressor,1.7483325004577637,0.8203266941046263,2598507436.5555253,50975.55724615009
361255.0,california_housing,medianHouseValue,"20,640",8,0,0.0,6.0,RandomForestRegressor,1.8489787578582764,0.7847863119062961,2797152822.29811,52888.11607817119
361255.0,california_housing,medianHouseValue,"20,640",8,0,0.0,7.0,RandomForestRegressor,1.848973512649536,0.8137203340435054,2317753683.457858,48143.05436361364
361255.0,california_housing,medianHouseValue,"20,640",8,0,0.0,8.0,RandomForestRegressor,1.863508939743042,0.8175919525974894,2426398725.5453973,49258.48886786315
361255.0,california_housing,medianHouseValue,"20,640",8,0,0.0,9.0,RandomForestRegressor,1.887194395065308,0.8311115718937209,2305607578.079213,48016.74268501783
361255.0,california_housing,medianHouseValue,"20,640",8,0,0.0,0.0,XGBRegressor,0.1875693798065185,0.8346839740236823,2168978812.8134503,46572.29662378108
361255.0,california_housing,medianHouseValue,"20,640",8,0,0.0,1.0,XGBRegressor,0.185875654220581,0.8177751843415786,2370704239.540531,48689.8782042072
361255.0,california_housing,medianHouseValue,"20,640",8,0,0.0,2.0,XGBRegressor,0.1822967529296875,0.8296370298784577,2280803232.1999817,47757.75572825823
361255.0,california_housing,medianHouseValue,"20,640",8,0,0.0,3.0,XGBRegressor,0.1841559410095214,0.8530663485476215,1922591543.7512712,43847.36644031511
361255.0,california_housing,medianHouseValue,"20,640",8,0,0.0,4.0,XGBRegressor,0.182807445526123,0.8268484733185897,2352378990.476908,48501.32978050094
361255.0,california_housing,medianHouseValue,"20,640",8,0,0.0,5.0,XGBRegressor,0.1842846870422363,0.8318408064257463,2431985724.592434,49315.16728748301
361255.0,california_housing,medianHouseValue,"20,640",8,0,0.0,6.0,XGBRegressor,0.184302806854248,0.8044656306258079,2541378840.704434,50412.090223521125
361255.0,california_housing,medianHouseValue,"20,640",8,0,0.0,7.0,XGBRegressor,0.1820278167724609,0.8080475647915526,2388336168.999736,48870.60639075124
361255.0,california_housing,medianHouseValue,"20,640",8,0,0.0,8.0,XGBRegressor,0.1840379238128662,0.8268518024670645,2303223853.3715863,47991.91445828752
361255.0,california_housing,medianHouseValue,"20,640",8,0,0.0,9.0,XGBRegressor,0.184816837310791,0.8455592206341543,2108373174.308173,45917.024885201055
361242.0,superconductivity,critical_temp,"21,263",81,0,0.0,0.0,RandomForestRegressor,14.19114589691162,0.9045200571301844,106.65026918277007,10.327161719599925
361242.0,superconductivity,critical_temp,"21,263",81,0,0.0,1.0,RandomForestRegressor,14.58906888961792,0.9236820784927002,92.53994219196932,9.619768302405694
361242.0,superconductivity,critical_temp,"21,263",81,0,0.0,2.0,RandomForestRegressor,13.702035427093506,0.9299315572515278,83.28164780990494,9.125877919954055
361242.0,superconductivity,critical_temp,"21,263",81,0,0.0,3.0,RandomForestRegressor,14.409103631973268,0.9295844423505748,85.69617869260013,9.257223055139166
361242.0,superconductivity,critical_temp,"21,263",81,0,0.0,4.0,RandomForestRegressor,14.29944109916687,0.92500631331836,86.5839453757547,9.305049455846794
361242.0,superconductivity,critical_temp,"21,263",81,0,0.0,5.0,RandomForestRegressor,14.377840042114258,0.9175986472620444,93.8198185342624,9.686063108108598
361242.0,superconductivity,critical_temp,"21,263",81,0,0.0,6.0,RandomForestRegressor,13.820863485336304,0.9144006002443724,99.51332982205544,9.975636812858388
361242.0,superconductivity,critical_temp,"21,263",81,0,0.0,7.0,RandomForestRegressor,14.24992561340332,0.9246621631022685,91.42674142330054,9.561733180930146
361242.0,superconductivity,critical_temp,"21,263",81,0,0.0,8.0,RandomForestRegressor,13.750449895858765,0.9251766274504792,90.83546889780804,9.53076433964286
361242.0,superconductivity,critical_temp,"21,263",81,0,0.0,9.0,RandomForestRegressor,14.31519055366516,0.9204701947625532,88.16305489212166,9.389518352509976
361242.0,superconductivity,critical_temp,"21,263",81,0,0.0,0.0,XGBRegressor,0.6714816093444824,0.9036407322402964,107.63246746847229,10.374606858501783
361242.0,superconductivity,critical_temp,"21,263",81,0,0.0,1.0,XGBRegressor,0.6711752414703369,0.9182696511622618,99.10282679868784,9.955040271073132
361242.0,superconductivity,critical_temp,"21,263",81,0,0.0,2.0,XGBRegressor,0.6588356494903564,0.924398787022246,89.85776401249068,9.47933352153466
361242.0,superconductivity,critical_temp,"21,263",81,0,0.0,3.0,XGBRegressor,0.6662909984588623,0.9256701110589928,90.45994461341388,9.511043297841402
361242.0,superconductivity,critical_temp,"21,263",81,0,0.0,4.0,XGBRegressor,0.6706480979919434,0.9219424903662672,90.12128152847824,9.49322292630265
361242.0,superconductivity,critical_temp,"21,263",81,0,0.0,5.0,XGBRegressor,0.659430742263794,0.9097951468621176,102.70466043463034,10.134330783758262
361242.0,superconductivity,critical_temp,"21,263",81,0,0.0,6.0,XGBRegressor,0.6648240089416504,0.9146838045846832,99.18409145116895,9.95912101799998
361242.0,superconductivity,critical_temp,"21,263",81,0,0.0,7.0,XGBRegressor,0.6622159481048584,0.9204039286335196,96.59435065825345,9.828242500989353
361242.0,superconductivity,critical_temp,"21,263",81,0,0.0,8.0,XGBRegressor,0.6664204597473145,0.9228624857419672,93.64483367282584,9.67702607585749
361242.0,superconductivity,critical_temp,"21,263",81,0,0.0,9.0,XGBRegressor,0.6792550086975098,0.9142571937481994,95.05049976688127,9.749384584007409
361266.0,kings_county,price,"21,613",21,0,4.0,0.0,RandomForestRegressor,2.804106950759888,0.8884783472605516,12221949619.5727,110552.9267797678
361266.0,kings_county,price,"21,613",21,0,4.0,1.0,RandomForestRegressor,2.724811315536499,0.8721566635250009,15154734867.825846,123104.5688340845
361266.0,kings_county,price,"21,613",21,0,4.0,2.0,RandomForestRegressor,2.6944398880004883,0.8842990895327739,14112810944.848171,118797.35243198046
361266.0,kings_county,price,"21,613",21,0,4.0,3.0,RandomForestRegressor,2.8370909690856934,0.8850936124705429,19613000469.24258,140046.42255067633
361266.0,kings_county,price,"21,613",21,0,4.0,4.0,RandomForestRegressor,2.7923383712768555,0.8849481156267015,15210722719.669806,123331.75876338503
361266.0,kings_county,price,"21,613",21,0,4.0,5.0,RandomForestRegressor,2.733317375183105,0.8928475804224189,14916393372.931189,122132.68756942666
361266.0,kings_county,price,"21,613",21,0,4.0,6.0,RandomForestRegressor,2.748608350753784,0.8867516940382777,14457033332.1055,120237.40404759868
361266.0,kings_county,price,"21,613",21,0,4.0,7.0,RandomForestRegressor,2.8391127586364746,0.7227253798692272,26842459522.652,163836.68552144233
361266.0,kings_county,price,"21,613",21,0,4.0,8.0,RandomForestRegressor,2.845076084136963,0.8967704037534275,15218219404.797998,123362.14737429791
361266.0,kings_county,price,"21,613",21,0,4.0,9.0,RandomForestRegressor,2.801121711730957,0.8670330593494388,24263581914.95161,155767.7178203225
361266.0,kings_county,price,"21,613",21,0,4.0,0.0,XGBRegressor,0.2023191452026367,0.8880271519688192,12271397291.739344,110776.33904286304
361266.0,kings_county,price,"21,613",21,0,4.0,1.0,XGBRegressor,0.2031373977661132,0.8631645594854613,16220671946.601768,127360.40179978142
361266.0,kings_county,price,"21,613",21,0,4.0,2.0,XGBRegressor,0.2035396099090576,0.8989478868958893,12325999528.06508,111022.5181126112
361266.0,kings_county,price,"21,613",21,0,4.0,3.0,XGBRegressor,0.202463150024414,0.8483371979964229,25886834238.00309,160893.86016254034
361266.0,kings_county,price,"21,613",21,0,4.0,4.0,XGBRegressor,0.1999766826629638,0.8978330293977792,13507240402.050287,116220.6539391785
361266.0,kings_county,price,"21,613",21,0,4.0,5.0,XGBRegressor,0.2005183696746826,0.8908258272409745,15197836068.077831,123279.50384422316
361266.0,kings_county,price,"21,613",21,0,4.0,6.0,XGBRegressor,0.2011518478393554,0.8825694967296591,14990923577.780138,122437.42719356748
361266.0,kings_county,price,"21,613",21,0,4.0,7.0,XGBRegressor,0.202385663986206,0.8059826249107529,18782474699.87721,137049.16891348598
361266.0,kings_county,price,"21,613",21,0,4.0,8.0,XGBRegressor,0.2045009136199951,0.9044780281436272,14081953030.378998,118667.40508825074
361266.0,kings_county,price,"21,613",21,0,4.0,9.0,XGBRegressor,0.2014837265014648,0.8504743372956052,27285189443.81829,165182.29155638412
361269.0,health_insurance,whrswk,"22,272",11,0,7.0,0.0,RandomForestRegressor,0.7180080413818359,0.3147347884402708,246.38338116477104,15.696604128433991
361269.0,health_insurance,whrswk,"22,272",11,0,7.0,1.0,RandomForestRegressor,0.6857519149780273,0.3147299211863174,239.7214596395777,15.482940923467275
361269.0,health_insurance,whrswk,"22,272",11,0,7.0,2.0,RandomForestRegressor,0.6742780208587646,0.274234156568482,245.63139322228565,15.67263198133248
361269.0,health_insurance,whrswk,"22,272",11,0,7.0,3.0,RandomForestRegressor,0.68603515625,0.3157364466914322,238.5125680305205,15.443852111132134
361269.0,health_insurance,whrswk,"22,272",11,0,7.0,4.0,RandomForestRegressor,0.6807534694671631,0.3390960562509966,221.17458761894864,14.87193960514057
361269.0,health_insurance,whrswk,"22,272",11,0,7.0,5.0,RandomForestRegressor,0.6950361728668213,0.3476281676400017,234.41532154408475,15.310627731875815
361269.0,health_insurance,whrswk,"22,272",11,0,7.0,6.0,RandomForestRegressor,0.6801972389221191,0.2923181496860007,249.36811785989065,15.79139379091949
361269.0,health_insurance,whrswk,"22,272",11,0,7.0,7.0,RandomForestRegressor,0.6680474281311035,0.3052716257814203,244.5952926175601,15.63954259617461
361269.0,health_insurance,whrswk,"22,272",11,0,7.0,8.0,RandomForestRegressor,0.6789984703063965,0.326523538133092,235.37045568574723,15.341787890782063
361269.0,health_insurance,whrswk,"22,272",11,0,7.0,9.0,RandomForestRegressor,0.6846170425415039,0.3249639533227448,239.6825697298507,15.481684977089888
361269.0,health_insurance,whrswk,"22,272",11,0,7.0,0.0,XGBRegressor,0.1641993522644043,0.349753201007843,233.79269409179688,15.290281295776367
361269.0,health_insurance,whrswk,"22,272",11,0,7.0,1.0,XGBRegressor,0.1625471115112304,0.3773310780525207,217.82229614257807,14.758804321289062
361269.0,health_insurance,whrswk,"22,272",11,0,7.0,2.0,XGBRegressor,0.1609091758728027,0.3582417368888855,217.1994781494141,14.737689018249512
361269.0,health_insurance,whrswk,"22,272",11,0,7.0,3.0,XGBRegressor,0.1596331596374511,0.3540568947792053,225.1552581787109,15.00517463684082
361269.0,health_insurance,whrswk,"22,272",11,0,7.0,4.0,XGBRegressor,0.1634371280670166,0.3856018781661987,205.6112060546875,14.339149475097656
361269.0,health_insurance,whrswk,"22,272",11,0,7.0,5.0,XGBRegressor,0.1628203392028808,0.3843310475349426,221.22694396972656,14.873700141906738
361269.0,health_insurance,whrswk,"22,272",11,0,7.0,6.0,XGBRegressor,0.1638579368591308,0.3438147902488708,231.2220764160156,15.205987930297852
361269.0,health_insurance,whrswk,"22,272",11,0,7.0,7.0,XGBRegressor,0.1620335578918457,0.3661090731620788,223.1760406494141,14.939077377319336
361269.0,health_insurance,whrswk,"22,272",11,0,7.0,8.0,XGBRegressor,0.1626052856445312,0.3669779896736145,221.23220825195312,14.873876571655272
361269.0,health_insurance,whrswk,"22,272",11,0,7.0,9.0,XGBRegressor,0.1631088256835937,0.365624725818634,225.24530029296875,15.008174896240234
361268.0,fps_benchmark,FPS,"24,624",39,"69,696",13.0,0.0,RandomForestRegressor,2.426832675933838,0.9952151862342092,13.645066446203783,3.6939229074526967
361268.0,fps_benchmark,FPS,"24,624",39,"69,696",13.0,1.0,RandomForestRegressor,2.390749454498291,0.9959181848066476,11.671870897279732,3.4164119917363203
361268.0,fps_benchmark,FPS,"24,624",39,"69,696",13.0,2.0,RandomForestRegressor,2.393683195114136,0.9963784513447754,11.040864666260653,3.322779659601378
361268.0,fps_benchmark,FPS,"24,624",39,"69,696",13.0,3.0,RandomForestRegressor,2.409776210784912,0.9962178063315218,11.239837657328469,3.352586711381
361268.0,fps_benchmark,FPS,"24,624",39,"69,696",13.0,4.0,RandomForestRegressor,2.408268928527832,0.9964660738924228,10.789921085296491,3.284801529057196
361268.0,fps_benchmark,FPS,"24,624",39,"69,696",13.0,5.0,RandomForestRegressor,2.414971351623535,0.9947408296786514,15.51719866125102,3.939187563603823
361268.0,fps_benchmark,FPS,"24,624",39,"69,696",13.0,6.0,RandomForestRegressor,2.40878701210022,0.9959243394119144,12.941072044272932,3.597370156694044
361268.0,fps_benchmark,FPS,"24,624",39,"69,696",13.0,7.0,RandomForestRegressor,2.392301321029663,0.9962691623551272,11.183498174654748,3.344173765619057
361268.0,fps_benchmark,FPS,"24,624",39,"69,696",13.0,8.0,RandomForestRegressor,2.3901402950286865,0.9955725538404118,13.076896496344414,3.6161991781903295
361268.0,fps_benchmark,FPS,"24,624",39,"69,696",13.0,9.0,RandomForestRegressor,2.43573260307312,0.9954160221605964,13.516631642973213,3.676497197465709
361268.0,fps_benchmark,FPS,"24,624",39,"69,696",13.0,0.0,XGBRegressor,0.2046113014221191,0.997845056210166,6.145349148246352,2.478981473961908
361268.0,fps_benchmark,FPS,"24,624",39,"69,696",13.0,1.0,XGBRegressor,0.2011656761169433,0.9978030253056416,6.2822062691386185,2.506432977188622
361268.0,fps_benchmark,FPS,"24,624",39,"69,696",13.0,2.0,XGBRegressor,0.2016310691833496,0.998245376199158,5.349248558997054,2.3128442574019235
361268.0,fps_benchmark,FPS,"24,624",39,"69,696",13.0,3.0,XGBRegressor,0.1979939937591552,0.997822458054842,6.471169934945822,2.5438494324440315
361268.0,fps_benchmark,FPS,"24,624",39,"69,696",13.0,4.0,XGBRegressor,0.1990256309509277,0.9982630727468834,5.30325406404103,2.302879515745674
361268.0,fps_benchmark,FPS,"24,624",39,"69,696",13.0,5.0,XGBRegressor,0.2020642757415771,0.9980825483888578,5.657447041152201,2.378538845836284
361268.0,fps_benchmark,FPS,"24,624",39,"69,696",13.0,6.0,XGBRegressor,0.2019119262695312,0.997964297882491,6.463778617968154,2.542396235437772
361268.0,fps_benchmark,FPS,"24,624",39,"69,696",13.0,7.0,XGBRegressor,0.1420059204101562,0.9977734614992442,6.674235554908686,2.583454190596126
361268.0,fps_benchmark,FPS,"24,624",39,"69,696",13.0,8.0,XGBRegressor,0.1339278221130371,0.998127567594038,5.530412767671856,2.3516829649576185
361268.0,fps_benchmark,FPS,"24,624",39,"69,696",13.0,9.0,XGBRegressor,0.1205759048461914,0.9974490329106892,7.521956625350536,2.742618570882677
361261.0,cps88wages,wage,"28,155",6,0,4.0,0.0,RandomForestRegressor,0.2234234809875488,0.1666260480509935,143315.24063769632,378.569994370521
361261.0,cps88wages,wage,"28,155",6,0,4.0,1.0,RandomForestRegressor,0.1903178691864013,0.1477830428758784,195701.1261622633,442.3812000551824
361261.0,cps88wages,wage,"28,155",6,0,4.0,2.0,RandomForestRegressor,0.1821768283843994,0.1619739391853526,160817.41884242586,401.0204718495377
361261.0,cps88wages,wage,"28,155",6,0,4.0,3.0,RandomForestRegressor,0.1878557205200195,0.2081778667355037,160806.5721517353,401.0069477599301
361261.0,cps88wages,wage,"28,155",6,0,4.0,4.0,RandomForestRegressor,0.1946306228637695,0.1063100362352905,252317.3268201668,502.3119815614264
361261.0,cps88wages,wage,"28,155",6,0,4.0,5.0,RandomForestRegressor,0.2030096054077148,0.179984652688991,141803.25031413508,376.5677234099267
361261.0,cps88wages,wage,"28,155",6,0,4.0,6.0,RandomForestRegressor,0.1941473484039306,0.159611486228524,171259.81216408542,413.8354892515689
361261.0,cps88wages,wage,"28,155",6,0,4.0,7.0,RandomForestRegressor,0.1926653385162353,0.2395524107941612,132926.92755566063,364.5914529383
361261.0,cps88wages,wage,"28,155",6,0,4.0,8.0,RandomForestRegressor,0.2072358131408691,0.2068319793927292,143528.2259674625,378.8511923796235
361261.0,cps88wages,wage,"28,155",6,0,4.0,9.0,RandomForestRegressor,0.1952378749847412,0.1435504469871656,209677.2535890025,457.9052888851608
361261.0,cps88wages,wage,"28,155",6,0,4.0,0.0,XGBRegressor,0.0807294845581054,0.2662901367040402,126176.01662566232,355.21263579110234
361261.0,cps88wages,wage,"28,155",6,0,4.0,1.0,XGBRegressor,0.0866715908050537,0.2241189533091112,178171.52467578466,422.1036894837389
361261.0,cps88wages,wage,"28,155",6,0,4.0,2.0,XGBRegressor,0.0789997577667236,0.2609980773551,141814.6609949265,376.5828740064084
361261.0,cps88wages,wage,"28,155",6,0,4.0,3.0,XGBRegressor,0.0786151885986328,0.2662707247230221,149008.82999851118,386.0166188113035
361261.0,cps88wages,wage,"28,155",6,0,4.0,4.0,XGBRegressor,0.0841567516326904,0.1740406414646809,233194.8056458201,482.902480471803
361261.0,cps88wages,wage,"28,155",6,0,4.0,5.0,XGBRegressor,0.0943038463592529,0.3051435257232604,120159.83222432427,346.64078269056034
361261.0,cps88wages,wage,"28,155",6,0,4.0,6.0,XGBRegressor,0.095923900604248,0.2568896309651536,151435.84203329403,389.1475838718442
361261.0,cps88wages,wage,"28,155",6,0,4.0,7.0,XGBRegressor,0.1455054283142089,0.3188526914814547,119065.166645784,345.0582076197928
361261.0,cps88wages,wage,"28,155",6,0,4.0,8.0,XGBRegressor,0.073033332824707,0.3035722959666065,126022.5201691518,354.9965072633135
361261.0,cps88wages,wage,"28,155",6,0,4.0,9.0,XGBRegressor,0.0801761150360107,0.2144227787366232,192326.1839032294,438.5500928095095
361241.0,physiochemical_protein,RMSD,"45,730",9,0,0.0,0.0,RandomForestRegressor,3.4303009510040283,0.6638187540116132,12.528573630213774,3.539572520829849
361241.0,physiochemical_protein,RMSD,"45,730",9,0,0.0,1.0,RandomForestRegressor,3.1027944087982178,0.6660101825680624,12.63872819945372,3.5550989015010144
361241.0,physiochemical_protein,RMSD,"45,730",9,0,0.0,2.0,RandomForestRegressor,3.055696725845337,0.6681419178587533,12.348666886326296,3.514067000830561
361241.0,physiochemical_protein,RMSD,"45,730",9,0,0.0,3.0,RandomForestRegressor,3.167855024337769,0.6687382282677097,12.15620604242506,3.486575116417981
361241.0,physiochemical_protein,RMSD,"45,730",9,0,0.0,4.0,RandomForestRegressor,3.286391496658325,0.6663563400297998,12.393688885947476,3.520467140302189
361241.0,physiochemical_protein,RMSD,"45,730",9,0,0.0,5.0,RandomForestRegressor,3.2591142654418945,0.65120166409114,13.442840841537176,3.666447987021932
361241.0,physiochemical_protein,RMSD,"45,730",9,0,0.0,6.0,RandomForestRegressor,3.4990322589874268,0.6556988252584849,12.64525677675764,3.55601698206823
361241.0,physiochemical_protein,RMSD,"45,730",9,0,0.0,7.0,RandomForestRegressor,3.241016626358032,0.6619550121753033,12.75380455553634,3.571246918869702
361241.0,physiochemical_protein,RMSD,"45,730",9,0,0.0,8.0,RandomForestRegressor,3.13700008392334,0.667064364931867,12.504481397782556,3.536167614492073
361241.0,physiochemical_protein,RMSD,"45,730",9,0,0.0,9.0,RandomForestRegressor,3.298214197158813,0.6568261434996381,12.899862878678263,3.591637910296396
361241.0,physiochemical_protein,RMSD,"45,730",9,0,0.0,0.0,XGBRegressor,0.1260077953338623,0.5919033998104708,15.208666053581856,3.8998289774786095
361241.0,physiochemical_protein,RMSD,"45,730",9,0,0.0,1.0,XGBRegressor,0.1233017444610595,0.6073048194293049,14.86023643065058,3.8548977198689176
361241.0,physiochemical_protein,RMSD,"45,730",9,0,0.0,2.0,XGBRegressor,0.1275994777679443,0.5981401282738541,14.953481496996844,3.8669731699349614
361241.0,physiochemical_protein,RMSD,"45,730",9,0,0.0,3.0,XGBRegressor,0.1297276020050048,0.6027918036961668,14.576220644957523,3.817881696040034
361241.0,physiochemical_protein,RMSD,"45,730",9,0,0.0,4.0,XGBRegressor,0.1235506534576416,0.6041259674963386,14.705328425284794,3.834752720226533
361241.0,physiochemical_protein,RMSD,"45,730",9,0,0.0,5.0,XGBRegressor,0.1323072910308838,0.5982082196599239,15.48523143172573,3.935127879971085
361241.0,physiochemical_protein,RMSD,"45,730",9,0,0.0,6.0,XGBRegressor,0.1201333999633789,0.5991138137742622,14.723472166150264,3.83711768990088
361241.0,physiochemical_protein,RMSD,"45,730",9,0,0.0,7.0,XGBRegressor,0.1319735050201416,0.6138930968239642,14.567090647722344,3.816685819886456
361241.0,physiochemical_protein,RMSD,"45,730",9,0,0.0,8.0,XGBRegressor,0.1241817474365234,0.5997536020745154,15.032556176705098,3.8771840524670864
361241.0,physiochemical_protein,RMSD,"45,730",9,0,0.0,9.0,XGBRegressor,0.1275243759155273,0.5999456480048506,15.037993678724398,3.877885207007087
361254.0,sarcos,V22,"48,933",21,0,0.0,0.0,RandomForestRegressor,7.849579334259033,0.9769961917318718,9.42828320902118,3.0705509618016733
361254.0,sarcos,V22,"48,933",21,0,0.0,1.0,RandomForestRegressor,8.407365083694458,0.9752539174013368,10.800454884541445,3.2864045527812675
361254.0,sarcos,V22,"48,933",21,0,0.0,2.0,RandomForestRegressor,7.721364259719849,0.974957022487228,9.933024800254373,3.1516701604473734
361254.0,sarcos,V22,"48,933",21,0,0.0,3.0,RandomForestRegressor,7.379163980484009,0.9783910104646014,8.680373924120078,2.9462474309059785
361254.0,sarcos,V22,"48,933",21,0,0.0,4.0,RandomForestRegressor,7.549407958984375,0.9769391642646502,10.063951086815202,3.17237310019096
361254.0,sarcos,V22,"48,933",21,0,0.0,5.0,RandomForestRegressor,7.759434461593628,0.9761766254171148,10.01246704815755,3.164248259564592
361254.0,sarcos,V22,"48,933",21,0,0.0,6.0,RandomForestRegressor,8.203007936477661,0.9757566734635744,10.298827157393577,3.2091785798539747
361254.0,sarcos,V22,"48,933",21,0,0.0,7.0,RandomForestRegressor,8.209407567977905,0.9771760180681616,9.936342544100052,3.152196463436258
361254.0,sarcos,V22,"48,933",21,0,0.0,8.0,RandomForestRegressor,7.8941004276275635,0.9783879853195612,9.019885160754288,3.003312364832251
361254.0,sarcos,V22,"48,933",21,0,0.0,9.0,RandomForestRegressor,7.910531520843506,0.9745052890792278,10.304185304782738,3.210013287321836
361254.0,sarcos,V22,"48,933",21,0,0.0,0.0,XGBRegressor,0.2290468215942382,0.9751081204177128,10.202123386318362,3.1940762962581783
361254.0,sarcos,V22,"48,933",21,0,0.0,1.0,XGBRegressor,0.2470951080322265,0.9755514404451772,10.67060062581987,3.26658853022842
361254.0,sarcos,V22,"48,933",21,0,0.0,2.0,XGBRegressor,0.2376339435577392,0.9737538500533436,10.410250067044666,3.2264919133704124
361254.0,sarcos,V22,"48,933",21,0,0.0,3.0,XGBRegressor,0.2471251487731933,0.9763274047843936,9.509328415805086,3.0837198990513204
361254.0,sarcos,V22,"48,933",21,0,0.0,4.0,XGBRegressor,0.2312164306640625,0.976622769203826,10.202028667904957,3.1940614690241884
361254.0,sarcos,V22,"48,933",21,0,0.0,5.0,XGBRegressor,0.2428913116455078,0.9761584022882892,10.020125848813446,3.165458236782385
361254.0,sarcos,V22,"48,933",21,0,0.0,6.0,XGBRegressor,0.2401082515716552,0.9757364293055965,10.307427094520689,3.210518197195071
361254.0,sarcos,V22,"48,933",21,0,0.0,7.0,XGBRegressor,0.2542061805725097,0.9770572700212252,9.98803910056973,3.1603859100701186
361254.0,sarcos,V22,"48,933",21,0,0.0,8.0,XGBRegressor,0.2573833465576172,0.9778407511446464,9.248276150060734,3.041097852759877
361254.0,sarcos,V22,"48,933",21,0,0.0,9.0,XGBRegressor,0.2558517456054687,0.9745152434866136,10.300162036638175,3.2093865514515665
361257.0,diamonds,price,"53,940",9,0,3.0,0.0,RandomForestRegressor,1.4292597770690918,0.9836159129853432,253786.8953313889,503.7726623501804
361257.0,diamonds,price,"53,940",9,0,3.0,1.0,RandomForestRegressor,1.3660626411437988,0.981007086350835,306393.84700281173,553.5285421753892
361257.0,diamonds,price,"53,940",9,0,3.0,2.0,RandomForestRegressor,1.3767948150634766,0.9817893121254284,282898.62906821363,531.8821571252543
361257.0,diamonds,price,"53,940",9,0,3.0,3.0,RandomForestRegressor,1.3489699363708496,0.9820285116268068,278522.5404937879,527.7523476914033
361257.0,diamonds,price,"53,940",9,0,3.0,4.0,RandomForestRegressor,1.359669208526611,0.9791713447231608,337742.5974876473,581.1562590970241
361257.0,diamonds,price,"53,940",9,0,3.0,5.0,RandomForestRegressor,1.3473854064941406,0.980802446309472,301585.73482450435,549.1682208799999
361257.0,diamonds,price,"53,940",9,0,3.0,6.0,RandomForestRegressor,1.332494020462036,0.9814441763779964,303539.90448757284,550.9445566366663
361257.0,diamonds,price,"53,940",9,0,3.0,7.0,RandomForestRegressor,1.3736300468444824,0.9808104103741788,318463.67036166554,564.3258547698001
361257.0,diamonds,price,"53,940",9,0,3.0,8.0,RandomForestRegressor,1.3400216102600098,0.9818247354406008,295549.12385497265,543.644299018184
361257.0,diamonds,price,"53,940",9,0,3.0,9.0,RandomForestRegressor,1.374042510986328,0.9812442559318232,287680.4407329735,536.3585001964391
361257.0,diamonds,price,"53,940",9,0,3.0,0.0,XGBRegressor,0.1168324947357177,0.9824422370480888,271966.94845088985,521.5045047273225
361257.0,diamonds,price,"53,940",9,0,3.0,1.0,XGBRegressor,0.1158976554870605,0.9820834843250938,289029.3855867674,537.6145325293647
361257.0,diamonds,price,"53,940",9,0,3.0,2.0,XGBRegressor,0.1224415302276611,0.9813037723208456,290441.3724297244,538.9261289172426
361257.0,diamonds,price,"53,940",9,0,3.0,3.0,XGBRegressor,0.1147758960723877,0.9817704367211832,282522.1913217716,531.5281660662694
361257.0,diamonds,price,"53,940",9,0,3.0,4.0,XGBRegressor,0.1148676872253418,0.9794622280924624,333025.8405291136,577.0839111681364
361257.0,diamonds,price,"53,940",9,0,3.0,5.0,XGBRegressor,0.1295666694641113,0.9796932227124274,319011.18491007324,564.8107514115443
361257.0,diamonds,price,"53,940",9,0,3.0,6.0,XGBRegressor,0.1224904060363769,0.9820213981383684,294097.5945378418,542.3076567206494
361257.0,diamonds,price,"53,940",9,0,3.0,7.0,XGBRegressor,0.1145415306091308,0.979507367139446,340088.5169198505,583.1710871775542
361257.0,diamonds,price,"53,940",9,0,3.0,8.0,XGBRegressor,0.1209030151367187,0.981673640536456,298006.08762531827,545.8993383631439
361257.0,diamonds,price,"53,940",9,0,3.0,9.0,XGBRegressor,0.1084892749786377,0.9821592156655826,273646.5523143602,523.1123706378585
361252.0,video_transcoding,utime,"68,784",18,0,2.0,0.0,RandomForestRegressor,2.0630600452423096,0.9911719147248949,2.225545564862932,1.4918262515664926
361252.0,video_transcoding,utime,"68,784",18,0,2.0,1.0,RandomForestRegressor,2.0046045780181885,0.9915834388892644,2.380856113209807,1.543002304991735
361252.0,video_transcoding,utime,"68,784",18,0,2.0,2.0,RandomForestRegressor,2.154181957244873,0.9888903728625958,2.888169579098788,1.6994615556401351
361252.0,video_transcoding,utime,"68,784",18,0,2.0,3.0,RandomForestRegressor,2.145357131958008,0.9887915285261166,2.767897117156512,1.6636998278405006
361252.0,video_transcoding,utime,"68,784",18,0,2.0,4.0,RandomForestRegressor,2.1039083003997803,0.9911966004459758,2.416337321885293,1.554457243505042
361252.0,video_transcoding,utime,"68,784",18,0,2.0,5.0,RandomForestRegressor,2.064903497695923,0.9914253615968782,2.335376084404212,1.528193732615146
361252.0,video_transcoding,utime,"68,784",18,0,2.0,6.0,RandomForestRegressor,2.188778877258301,0.9893062073932464,2.4993682385097618,1.580939036936517
361252.0,video_transcoding,utime,"68,784",18,0,2.0,7.0,RandomForestRegressor,2.0957422256469727,0.9905433165171532,2.333746229303838,1.5276603776048647
361252.0,video_transcoding,utime,"68,784",18,0,2.0,8.0,RandomForestRegressor,2.0879030227661133,0.9868868263311524,3.6408507576464335,1.9081013488927767
361252.0,video_transcoding,utime,"68,784",18,0,2.0,9.0,RandomForestRegressor,2.1009457111358643,0.9894981349899534,2.596728116704881,1.6114366623311267
361252.0,video_transcoding,utime,"68,784",18,0,2.0,0.0,XGBRegressor,0.1532402038574218,0.9887229681414618,2.84292091155504,1.686096352986697
361252.0,video_transcoding,utime,"68,784",18,0,2.0,1.0,XGBRegressor,0.1864223480224609,0.9860542252470365,3.944946473648051,1.9861889320122723
361252.0,video_transcoding,utime,"68,784",18,0,2.0,2.0,XGBRegressor,0.1702377796173095,0.9857331785102104,3.708945341514948,1.9258622332646087
361252.0,video_transcoding,utime,"68,784",18,0,2.0,3.0,XGBRegressor,0.1619312763214111,0.9866906428310152,3.2867042955033754,1.812926996738527
361252.0,video_transcoding,utime,"68,784",18,0,2.0,4.0,XGBRegressor,0.1558203697204589,0.9873734683901424,3.465702015185363,1.8616396040010967
361252.0,video_transcoding,utime,"68,784",18,0,2.0,5.0,XGBRegressor,0.1618974208831787,0.9863826284476946,3.708807574220516,1.9258264652404475
361252.0,video_transcoding,utime,"68,784",18,0,2.0,6.0,XGBRegressor,0.1619951725006103,0.9856502613951292,3.353841075735877,1.8313495230937968
361252.0,video_transcoding,utime,"68,784",18,0,2.0,7.0,XGBRegressor,0.1679284572601318,0.9866785129457312,3.2875130311817062,1.813150029970412
361252.0,video_transcoding,utime,"68,784",18,0,2.0,8.0,XGBRegressor,0.1672396659851074,0.9834906805887462,4.58378494822241,2.1409775683603995
361252.0,video_transcoding,utime,"68,784",18,0,2.0,9.0,XGBRegressor,0.1778769493103027,0.9877993251823852,3.0167818107893525,1.7368885429955925
361253.0,wave_energy,energy_total,"72,000",48,0,0.0,0.0,RandomForestRegressor,31.356523990631104,0.8308000621638788,2095719384.2718272,45779.02777770436
361253.0,wave_energy,energy_total,"72,000",48,0,0.0,1.0,RandomForestRegressor,35.39480519294739,0.8323585357013183,2093042592.3494112,45749.78242953087
361253.0,wave_energy,energy_total,"72,000",48,0,0.0,2.0,RandomForestRegressor,29.79560494422913,0.8278099471350647,2187562617.0841494,46771.3867346709
361253.0,wave_energy,energy_total,"72,000",48,0,0.0,3.0,RandomForestRegressor,30.170551538467407,0.833756601613507,2099954732.20258,45825.26303473424
361253.0,wave_energy,energy_total,"72,000",48,0,0.0,4.0,RandomForestRegressor,28.910964488983154,0.8335880798147294,2145726629.801388,46321.98862097123
361253.0,wave_energy,energy_total,"72,000",48,0,0.0,5.0,RandomForestRegressor,28.3826642036438,0.8295103033349167,2131620688.0848265,46169.47788403965
361253.0,wave_energy,energy_total,"72,000",48,0,0.0,6.0,RandomForestRegressor,31.2729971408844,0.8325034694238108,2085746891.097181,45669.978006313744
361253.0,wave_energy,energy_total,"72,000",48,0,0.0,7.0,RandomForestRegressor,32.20755195617676,0.8333545038913532,2075678262.0620627,45559.61218076886
361253.0,wave_energy,energy_total,"72,000",48,0,0.0,8.0,RandomForestRegressor,29.171135187149048,0.8321691710257741,2076186293.0313053,45565.1872928369
361253.0,wave_energy,energy_total,"72,000",48,0,0.0,9.0,RandomForestRegressor,31.22211956977844,0.8420819736886967,2033033190.4104395,45089.16932491039
361253.0,wave_energy,energy_total,"72,000",48,0,0.0,0.0,XGBRegressor,0.6500375270843506,0.9571543276729954,530688764.8790469,23036.683026838888
361253.0,wave_energy,energy_total,"72,000",48,0,0.0,1.0,XGBRegressor,0.6389608383178711,0.955987278759436,549509040.3026658,23441.609166238264
361253.0,wave_energy,energy_total,"72,000",48,0,0.0,2.0,XGBRegressor,0.6288633346557617,0.9582563261002566,530326223.8641534,23028.8129060999
361253.0,wave_energy,energy_total,"72,000",48,0,0.0,3.0,XGBRegressor,0.7027230262756348,0.9582670036020984,527163208.4362339,22960.03502689475
361253.0,wave_energy,energy_total,"72,000",48,0,0.0,4.0,XGBRegressor,0.726280927658081,0.959135951326062,526903826.0212919,22954.385768765234
361253.0,wave_energy,energy_total,"72,000",48,0,0.0,5.0,XGBRegressor,0.639000654220581,0.9588059586843606,515046201.68769234,22694.629357795035
361253.0,wave_energy,energy_total,"72,000",48,0,0.0,6.0,XGBRegressor,0.6313278675079346,0.9577878643077729,525645698.3542529,22926.96443828212
361253.0,wave_energy,energy_total,"72,000",48,0,0.0,7.0,XGBRegressor,0.6238148212432861,0.9582897879438648,519527874.99563646,22793.154125650017
361253.0,wave_energy,energy_total,"72,000",48,0,0.0,8.0,XGBRegressor,0.6447572708129883,0.9555671107754012,549666328.4792424,23444.96381910713
361253.0,wave_energy,energy_total,"72,000",48,0,0.0,9.0,XGBRegressor,0.6355247497558594,0.9599956936284396,515014558.5812002,22693.93219742229
361618.0,forest_fires,area,517,12,0,2.0,0.0,PySRRegressor_default,68.36374568939209,-0.0449787840384636,23892.956048791,154.573464892235
361618.0,forest_fires,area,517,12,0,2.0,0.0,PySRRegressor_validation,68.36374568939209,-0.0164119553936661,23239.78873890008,152.44601909823712
361618.0,forest_fires,area,517,12,0,2.0,1.0,PySRRegressor_default,43.03646469116211,-0.3190000134692865,277.063645565101,16.645228912967855
361618.0,forest_fires,area,517,12,0,2.0,1.0,PySRRegressor_validation,43.03646469116211,-0.0247170304175767,215.2477886435968,14.67132538810304
361618.0,forest_fires,area,517,12,0,2.0,2.0,PySRRegressor_default,70.9634895324707,-0.0343810408976426,10868.25070825432,104.25090267357076
361618.0,forest_fires,area,517,12,0,2.0,2.0,PySRRegressor_validation,70.9634895324707,-0.0072826141455417,10583.527299668336,102.87627180097624
361618.0,forest_fires,area,517,12,0,2.0,3.0,PySRRegressor_default,46.70174288749695,-0.190658923386993,915.7093264585752,30.260689457753195
361618.0,forest_fires,area,517,12,0,2.0,3.0,PySRRegressor_validation,46.70174288749695,-0.085348102509611,834.7171136928009,28.891471296782395
361618.0,forest_fires,area,517,12,0,2.0,4.0,PySRRegressor_default,46.5255868434906,-1.8172044144786463,4331.421090880762,65.81353273363132
361618.0,forest_fires,area,517,12,0,2.0,4.0,PySRRegressor_validation,46.5255868434906,0.3487181254342709,1001.3387857495636,31.643937582885663
361618.0,forest_fires,area,517,12,0,2.0,5.0,PySRRegressor_default,98.87471222877502,-0.2152028544455455,112.4245460081504,10.603044185900124
361618.0,forest_fires,area,517,12,0,2.0,5.0,PySRRegressor_validation,98.87471222877502,-1.6043833641417944,240.94464251272143,15.522391649250494
361618.0,forest_fires,area,517,12,0,2.0,6.0,PySRRegressor_default,113.94799470901488,-0.0629539901525202,1692.4708803772908,41.13965095108721
361618.0,forest_fires,area,517,12,0,2.0,6.0,PySRRegressor_validation,113.94799470901488,0.0044686728187687,1585.1182622832323,39.813543704162186
361618.0,forest_fires,area,517,12,0,2.0,7.0,PySRRegressor_default,113.99503707885742,-0.2579152564452123,2028.5101436207929,45.03898470903616
361618.0,forest_fires,area,517,12,0,2.0,7.0,PySRRegressor_validation,113.99503707885742,-0.092422978239729,1761.6378218879188,41.97186941140362
361618.0,forest_fires,area,517,12,0,2.0,8.0,PySRRegressor_default,86.31024932861328,-0.1340668294095921,290.61097057831046,17.047315641423154
361618.0,forest_fires,area,517,12,0,2.0,8.0,PySRRegressor_validation,86.31024932861328,-0.1340668294095921,290.61097057831046,17.047315641423154
361618.0,forest_fires,area,517,12,0,2.0,9.0,PySRRegressor_default,121.63052463531494,-0.2089050803410292,309.0497325834066,17.57981036824364
361618.0,forest_fires,area,517,12,0,2.0,9.0,PySRRegressor_validation,121.63052463531494,-0.1472193633422585,293.28012862301296,17.125423458210104
361619.0,student_performance_por,G3,649,30,0,17.0,0.0,PySRRegressor_default,125.93320608139038,0.0836596533801741,7.043132879557924,2.6538901408230755
361619.0,student_performance_por,G3,649,30,0,17.0,0.0,PySRRegressor_validation,125.93320608139038,0.2215915846929645,5.982966835190691,2.446010391472344
361619.0,student_performance_por,G3,649,30,0,17.0,1.0,PySRRegressor_default,128.89903926849365,0.0593893901625305,12.330124974020924,3.511427768589427
361619.0,student_performance_por,G3,649,30,0,17.0,1.0,PySRRegressor_validation,128.89903926849365,0.1914474923649497,10.599022978191623,3.2556140708308203
361619.0,student_performance_por,G3,649,30,0,17.0,2.0,PySRRegressor_default,128.8653073310852,0.0995587489129757,11.138618117588692,3.337456833816536
361619.0,student_performance_por,G3,649,30,0,17.0,2.0,PySRRegressor_validation,128.8653073310852,0.3330098247323411,8.250786868683768,2.8724182962590543
361619.0,student_performance_por,G3,649,30,0,17.0,3.0,PySRRegressor_default,126.62419366836548,0.1165109507915639,15.767717932902462,3.970858588882568
361619.0,student_performance_por,G3,649,30,0,17.0,3.0,PySRRegressor_validation,126.62419366836548,0.3156908565300144,12.212934119339833,3.4947008626404394
361619.0,student_performance_por,G3,649,30,0,17.0,4.0,PySRRegressor_default,132.76551723480225,0.0326336722326228,5.962182053269231,2.441757984172312
361619.0,student_performance_por,G3,649,30,0,17.0,4.0,PySRRegressor_validation,132.76551723480225,0.0537019828256077,5.832331447863,2.4150220387944703
361619.0,student_performance_por,G3,649,30,0,17.0,5.0,PySRRegressor_default,131.04946398735046,0.1907026660174545,8.630078600059077,2.937699542168851
361619.0,student_performance_por,G3,649,30,0,17.0,5.0,PySRRegressor_validation,131.04946398735046,0.2766977071160704,7.7130559771816705,2.7772389125139507
361619.0,student_performance_por,G3,649,30,0,17.0,6.0,PySRRegressor_default,132.152024269104,0.190566043808087,4.432441185906769,2.105336359327594
361619.0,student_performance_por,G3,649,30,0,17.0,6.0,PySRRegressor_validation,132.152024269104,0.108501382384903,4.881825329501274,2.209485308731713
361619.0,student_performance_por,G3,649,30,0,17.0,7.0,PySRRegressor_default,129.143789768219,-0.0091546231202928,11.016863393325536,3.319166068958517
361619.0,student_performance_por,G3,649,30,0,17.0,7.0,PySRRegressor_validation,129.143789768219,0.0419231955640451,10.459250775811594,3.234076495046398
361619.0,student_performance_por,G3,649,30,0,17.0,8.0,PySRRegressor_default,132.07126593589783,0.0809056162269346,7.153926131304385,2.674682435599484
361619.0,student_performance_por,G3,649,30,0,17.0,8.0,PySRRegressor_validation,132.07126593589783,0.3051246658707294,5.408679346313655,2.325656755910823
361619.0,student_performance_por,G3,649,30,0,17.0,9.0,PySRRegressor_default,125.52988839149477,0.0861744903267639,9.641349951301,3.105052326660696
361619.0,student_performance_por,G3,649,30,0,17.0,9.0,PySRRegressor_validation,125.52988839149477,0.2204938066258048,8.22420902018209,2.867788175612364
361617.0,energy_efficiency,heating_load,768,8,0,0.0,0.0,PySRRegressor_default,124.8841450214386,0.9564465491678688,3.5529429866208275,1.8849251939058027
361617.0,energy_efficiency,heating_load,768,8,0,0.0,0.0,PySRRegressor_validation,124.8841450214386,0.963694461272149,2.9616828686154726,1.720954057671347
361617.0,energy_efficiency,heating_load,768,8,0,0.0,1.0,PySRRegressor_default,132.83445811271667,0.9668761990174988,3.6958428435895065,1.9224575011140053
361617.0,energy_efficiency,heating_load,768,8,0,0.0,1.0,PySRRegressor_validation,132.83445811271667,0.9725517756784926,3.0625809967121063,1.750023141764733
361617.0,energy_efficiency,heating_load,768,8,0,0.0,2.0,PySRRegressor_default,129.02618956565857,0.905065435845314,9.610843905515926,3.1001361108048022
361617.0,energy_efficiency,heating_load,768,8,0,0.0,2.0,PySRRegressor_validation,129.02618956565857,0.9230133245470824,7.793862300531612,2.791748968036276
361617.0,energy_efficiency,heating_load,768,8,0,0.0,3.0,PySRRegressor_default,124.96480989456175,0.9345087708201958,5.864547796086919,2.421682843827184
361617.0,energy_efficiency,heating_load,768,8,0,0.0,3.0,PySRRegressor_validation,124.96480989456175,0.9378269768506085,5.567412162715429,2.359536429622444
361617.0,energy_efficiency,heating_load,768,8,0,0.0,4.0,PySRRegressor_default,128.00682044029236,0.9028306480426552,9.56204888759711,3.092256277800582
361617.0,energy_efficiency,heating_load,768,8,0,0.0,4.0,PySRRegressor_validation,128.00682044029236,0.9287736670775296,7.009099718889819,2.647470437774484
361617.0,energy_efficiency,heating_load,768,8,0,0.0,5.0,PySRRegressor_default,135.8313548564911,0.9124483934522992,7.973001672138574,2.823650416064031
361617.0,energy_efficiency,heating_load,768,8,0,0.0,5.0,PySRRegressor_validation,135.8313548564911,0.9294915672361128,6.420942738726999,2.533957919683553
361617.0,energy_efficiency,heating_load,768,8,0,0.0,6.0,PySRRegressor_default,134.9670329093933,0.9313277579366588,7.887985792961757,2.8085558198052176
361617.0,energy_efficiency,heating_load,768,8,0,0.0,6.0,PySRRegressor_validation,134.9670329093933,0.9388883672582478,7.019542050294692,2.6494418374998707
361617.0,energy_efficiency,heating_load,768,8,0,0.0,7.0,PySRRegressor_default,132.0641851425171,0.9773372418064196,2.5626087985317216,1.600815041949482
361617.0,energy_efficiency,heating_load,768,8,0,0.0,7.0,PySRRegressor_validation,132.0641851425171,0.98027074606107,2.230900550608622,1.493619948517233
361617.0,energy_efficiency,heating_load,768,8,0,0.0,8.0,PySRRegressor_default,137.1443374156952,0.9278800776809176,7.823567269038286,2.797064044500641
361617.0,energy_efficiency,heating_load,768,8,0,0.0,8.0,PySRRegressor_validation,137.1443374156952,0.9467567492782252,5.775826432550951,2.4032949116891484
361617.0,energy_efficiency,heating_load,768,8,0,0.0,9.0,PySRRegressor_default,132.2510666847229,0.960593857788032,3.9905370515826206,1.997632862060149
361617.0,energy_efficiency,heating_load,768,8,0,0.0,9.0,PySRRegressor_validation,132.2510666847229,0.966038066612907,3.4392190130048874,1.8545131471642056
361622.0,cars,Price,804,17,0,0.0,0.0,PySRRegressor_default,129.86148762702942,0.8979954288462942,13182013.715384409,3630.704300185352
361622.0,cars,Price,804,17,0,0.0,0.0,PySRRegressor_validation,129.86148762702942,0.9121827142756964,11348595.967540083,3368.767722408312
361622.0,cars,Price,804,17,0,0.0,1.0,PySRRegressor_default,129.37229681015015,0.8690816616340231,11415188.435502077,3378.6370677393093
361622.0,cars,Price,804,17,0,0.0,1.0,PySRRegressor_validation,129.37229681015015,0.8774256218456681,10687651.87108283,3269.197435316936
361622.0,cars,Price,804,17,0,0.0,2.0,PySRRegressor_default,130.572007894516,0.8876862573178889,10437989.502686378,3230.7877526520338
361622.0,cars,Price,804,17,0,0.0,2.0,PySRRegressor_validation,130.572007894516,0.9105449535549384,8313593.80836122,2883.3303328549123
361622.0,cars,Price,804,17,0,0.0,3.0,PySRRegressor_default,149.41792750358582,0.8859071269740915,11572744.38640501,3401.873658207343
361622.0,cars,Price,804,17,0,0.0,3.0,PySRRegressor_validation,149.41792750358582,0.8982228181486163,10323530.985736998,3213.0252077655723
361622.0,cars,Price,804,17,0,0.0,4.0,PySRRegressor_default,146.63051962852478,0.8388828912204933,9354783.147173302,3058.558998478418
361622.0,cars,Price,804,17,0,0.0,4.0,PySRRegressor_validation,146.63051962852478,0.8470743219541134,8879172.215729792,2979.793988806909
361622.0,cars,Price,804,17,0,0.0,5.0,PySRRegressor_default,135.03105425834656,0.9161523938841976,10222989.948968887,3197.3410748571832
361622.0,cars,Price,804,17,0,0.0,5.0,PySRRegressor_validation,135.03105425834656,0.9301828001697384,8512354.319861718,2917.5939264849244
361622.0,cars,Price,804,17,0,0.0,6.0,PySRRegressor_default,139.30341482162476,0.8941951626556135,13628533.021944648,3691.6843069180018
361622.0,cars,Price,804,17,0,0.0,6.0,PySRRegressor_validation,139.30341482162476,0.92444608515437,9731965.468264043,3119.609826286621
361622.0,cars,Price,804,17,0,0.0,7.0,PySRRegressor_default,56.467395067214966,0.8861806086718236,8574604.108944245,2928.242494901036
361622.0,cars,Price,804,17,0,0.0,7.0,PySRRegressor_validation,56.467395067214966,0.9096589022073016,6805862.685614621,2608.804838544773
361622.0,cars,Price,804,17,0,0.0,8.0,PySRRegressor_default,113.78856253623962,0.927170211410608,8515346.511957664,2918.106665623733
361622.0,cars,Price,804,17,0,0.0,8.0,PySRRegressor_validation,113.78856253623962,0.9427997793656894,6687918.620877768,2586.101046146064
361622.0,cars,Price,804,17,0,0.0,9.0,PySRRegressor_default,158.5146164894104,0.8474210644971183,7460987.256930739,2731.48078099238
361622.0,cars,Price,804,17,0,0.0,9.0,PySRRegressor_validation,158.5146164894104,0.8515489098322486,7259138.939255151,2694.2789275157
361621.0,QSAR_fish_toxicity,LC50,908,6,0,0.0,0.0,PySRRegressor_default,54.669217109680176,0.4235070505935152,1.2777027867670894,1.1303551595702517
361621.0,QSAR_fish_toxicity,LC50,908,6,0,0.0,0.0,PySRRegressor_validation,54.669217109680176,0.5585493385980045,0.9784035361997088,0.989142829018999
361621.0,QSAR_fish_toxicity,LC50,908,6,0,0.0,1.0,PySRRegressor_default,47.2051842212677,0.4024003688124163,1.3684077868607205,1.1697896335926046
361621.0,QSAR_fish_toxicity,LC50,908,6,0,0.0,1.0,PySRRegressor_validation,47.2051842212677,0.4645386751452066,1.2261209817648913,1.107303473201855
361621.0,QSAR_fish_toxicity,LC50,908,6,0,0.0,2.0,PySRRegressor_default,53.372206687927246,0.344699460618513,1.3036911760100405,1.1417929654758083
361621.0,QSAR_fish_toxicity,LC50,908,6,0,0.0,2.0,PySRRegressor_validation,53.372206687927246,0.4445497432858452,1.1050434951178878,1.0512104903956618
361621.0,QSAR_fish_toxicity,LC50,908,6,0,0.0,3.0,PySRRegressor_default,54.59504103660584,0.4433771806567631,1.3145272726722992,1.1465283566804176
361621.0,QSAR_fish_toxicity,LC50,908,6,0,0.0,3.0,PySRRegressor_validation,54.59504103660584,0.6091273545123574,0.9230896304993896,0.9607755359600856
361621.0,QSAR_fish_toxicity,LC50,908,6,0,0.0,4.0,PySRRegressor_default,111.27144169807434,0.3978586462879064,0.9068678582473928,0.9522960979902167
361621.0,QSAR_fish_toxicity,LC50,908,6,0,0.0,4.0,PySRRegressor_validation,111.27144169807434,0.5090151292510435,0.7394582607938167,0.8599175895362396
361621.0,QSAR_fish_toxicity,LC50,908,6,0,0.0,5.0,PySRRegressor_default,124.06140446662904,0.4809550378912816,1.1981731947840266,1.0946109787426883
361621.0,QSAR_fish_toxicity,LC50,908,6,0,0.0,5.0,PySRRegressor_validation,124.06140446662904,0.6352991267951031,0.8418823845493897,0.91754148927958
361621.0,QSAR_fish_toxicity,LC50,908,6,0,0.0,6.0,PySRRegressor_default,127.56968188285828,0.4483143151315116,1.0690776155701232,1.0339620958091855
361621.0,QSAR_fish_toxicity,LC50,908,6,0,0.0,6.0,PySRRegressor_validation,127.56968188285828,0.6592309105662094,0.6603553718794123,0.8126225273024446
361621.0,QSAR_fish_toxicity,LC50,908,6,0,0.0,7.0,PySRRegressor_default,128.31082940101624,0.5369922034520307,1.199784111459891,1.0953465713918544
361621.0,QSAR_fish_toxicity,LC50,908,6,0,0.0,7.0,PySRRegressor_validation,128.31082940101624,0.6699846764488651,0.8551630116965542,0.924750242874558
361621.0,QSAR_fish_toxicity,LC50,908,6,0,0.0,8.0,PySRRegressor_default,122.99095892906188,0.205760828910314,1.587512855335628,1.2599654183094184
361621.0,QSAR_fish_toxicity,LC50,908,6,0,0.0,8.0,PySRRegressor_validation,122.99095892906188,0.5246401365975494,0.9501418735449954,0.974752211356812
361621.0,QSAR_fish_toxicity,LC50,908,6,0,0.0,9.0,PySRRegressor_default,121.89518308639526,0.394757121516766,1.14975453762409,1.0722660759457467
361621.0,QSAR_fish_toxicity,LC50,908,6,0,0.0,9.0,PySRRegressor_validation,121.89518308639526,0.5720269039454334,0.813002559241842,0.9016665454822208
361237.0,concrete_compressive_strength,strength,"1,030",8,0,0.0,0.0,PySRRegressor_default,129.5150637626648,0.7494160328537918,68.37110808204731,8.268682366740624
361237.0,concrete_compressive_strength,strength,"1,030",8,0,0.0,0.0,PySRRegressor_validation,129.5150637626648,0.7316970146876652,73.20569075683247,8.556032419108314
361237.0,concrete_compressive_strength,strength,"1,030",8,0,0.0,1.0,PySRRegressor_default,128.76085901260376,0.8071508188284051,61.06508940661696,7.814415487201647
361237.0,concrete_compressive_strength,strength,"1,030",8,0,0.0,1.0,PySRRegressor_validation,128.76085901260376,0.8458848650498246,48.80007494702015,6.985705042944495
361237.0,concrete_compressive_strength,strength,"1,030",8,0,0.0,2.0,PySRRegressor_default,132.56407737731934,0.7678516061360878,63.15607632280608,7.947079735525879
361237.0,concrete_compressive_strength,strength,"1,030",8,0,0.0,2.0,PySRRegressor_validation,132.56407737731934,0.7996572501631865,54.50333637385352,7.382637494408994
361237.0,concrete_compressive_strength,strength,"1,030",8,0,0.0,3.0,PySRRegressor_default,135.21803069114685,0.7153057420263649,68.72694736748994,8.290171733292981
361237.0,concrete_compressive_strength,strength,"1,030",8,0,0.0,3.0,PySRRegressor_validation,135.21803069114685,0.7466653864541656,61.15653605188043,7.820264448973604
361237.0,concrete_compressive_strength,strength,"1,030",8,0,0.0,4.0,PySRRegressor_default,131.11830639839172,0.7905350623226374,61.32400459620257,7.830964474201282
361237.0,concrete_compressive_strength,strength,"1,030",8,0,0.0,4.0,PySRRegressor_validation,131.11830639839172,0.8459497348503813,45.10052743353429,6.715692625004087
361237.0,concrete_compressive_strength,strength,"1,030",8,0,0.0,5.0,PySRRegressor_default,144.7871425151825,0.7521101157232246,62.712871611577896,7.919145889019718
361237.0,concrete_compressive_strength,strength,"1,030",8,0,0.0,5.0,PySRRegressor_validation,144.7871425151825,0.7776279533524143,56.25719521432044,7.500479665616089
361237.0,concrete_compressive_strength,strength,"1,030",8,0,0.0,6.0,PySRRegressor_default,132.65948462486267,0.781445910060532,64.20463459763359,8.012779455197403
361237.0,concrete_compressive_strength,strength,"1,030",8,0,0.0,6.0,PySRRegressor_validation,132.65948462486267,0.8219966648120245,52.29203944922471,7.231323492226351
361237.0,concrete_compressive_strength,strength,"1,030",8,0,0.0,7.0,PySRRegressor_default,141.8427219390869,0.7828452549092799,64.40498089729553,8.025271390881153
361237.0,concrete_compressive_strength,strength,"1,030",8,0,0.0,7.0,PySRRegressor_validation,141.8427219390869,0.8501456601617059,44.44464656128119,6.666681825412188
361237.0,concrete_compressive_strength,strength,"1,030",8,0,0.0,8.0,PySRRegressor_default,133.10820126533508,0.813231636089677,48.69281220323676,6.97802351695928
361237.0,concrete_compressive_strength,strength,"1,030",8,0,0.0,8.0,PySRRegressor_validation,133.10820126533508,0.8287819541647339,44.6386528055943,6.681216416611147
361237.0,concrete_compressive_strength,strength,"1,030",8,0,0.0,9.0,PySRRegressor_default,133.49210691452026,0.7320787325816426,71.90315819878842,8.479572996253316
361237.0,concrete_compressive_strength,strength,"1,030",8,0,0.0,9.0,PySRRegressor_validation,133.49210691452026,0.809776763322499,51.05101066333174,7.144998996734131
361243.0,geographical_origin_of_music,latitude,"1,059",116,0,0.0,0.0,PySRRegressor_default,121.22218871116638,0.050596836529497,320.59768051384003,17.905241704982373
361243.0,geographical_origin_of_music,latitude,"1,059",116,0,0.0,0.0,PySRRegressor_validation,121.22218871116638,0.1541180207731253,285.6402958857613,16.90089630421302
361243.0,geographical_origin_of_music,latitude,"1,059",116,0,0.0,1.0,PySRRegressor_default,135.97611236572266,0.0811483734133616,293.0619175890364,17.119051305169815
361243.0,geographical_origin_of_music,latitude,"1,059",116,0,0.0,1.0,PySRRegressor_validation,135.97611236572266,0.0073283097890295,316.60636021320323,17.793435874310596
361243.0,geographical_origin_of_music,latitude,"1,059",116,0,0.0,2.0,PySRRegressor_default,135.64863181114197,0.1434700330100077,234.25785465784145,15.305484463349778
361243.0,geographical_origin_of_music,latitude,"1,059",116,0,0.0,2.0,PySRRegressor_validation,135.64863181114197,0.1434700330100077,234.25785465784145,15.305484463349778
361243.0,geographical_origin_of_music,latitude,"1,059",116,0,0.0,3.0,PySRRegressor_default,131.3864505290985,0.0472607548546035,304.4279967353246,17.44786510537391
361243.0,geographical_origin_of_music,latitude,"1,059",116,0,0.0,3.0,PySRRegressor_validation,131.3864505290985,0.0472607548546035,304.4279967353246,17.44786510537391
361243.0,geographical_origin_of_music,latitude,"1,059",116,0,0.0,4.0,PySRRegressor_default,137.94438648223877,0.1569202295549657,351.6107277928552,18.751286030372828
361243.0,geographical_origin_of_music,latitude,"1,059",116,0,0.0,4.0,PySRRegressor_validation,137.94438648223877,0.1569202295549657,351.6107277928552,18.751286030372828
361243.0,geographical_origin_of_music,latitude,"1,059",116,0,0.0,5.0,PySRRegressor_default,133.38850951194763,0.157126836048421,276.438433360252,16.626437783249063
361243.0,geographical_origin_of_music,latitude,"1,059",116,0,0.0,5.0,PySRRegressor_validation,133.38850951194763,0.157126836048421,276.438433360252,16.626437783249063
361243.0,geographical_origin_of_music,latitude,"1,059",116,0,0.0,6.0,PySRRegressor_default,133.0200526714325,0.067732989777953,235.2196801728708,15.33687322021248
361243.0,geographical_origin_of_music,latitude,"1,059",116,0,0.0,6.0,PySRRegressor_validation,133.0200526714325,0.0182989799467004,247.6923428914628,15.738244593710656
361243.0,geographical_origin_of_music,latitude,"1,059",116,0,0.0,7.0,PySRRegressor_default,131.1739695072174,-0.0059125671385718,358.23557611582373,18.9271121969471
361243.0,geographical_origin_of_music,latitude,"1,059",116,0,0.0,7.0,PySRRegressor_validation,131.1739695072174,0.0694312176775574,331.40339900411806,18.20448843016793
361243.0,geographical_origin_of_music,latitude,"1,059",116,0,0.0,8.0,PySRRegressor_default,137.28498125076294,0.0142411274647924,411.1761756512003,20.27747951919075
361243.0,geographical_origin_of_music,latitude,"1,059",116,0,0.0,8.0,PySRRegressor_validation,137.28498125076294,0.1382975956062722,359.4301903434325,18.95864421163688
361243.0,geographical_origin_of_music,latitude,"1,059",116,0,0.0,9.0,PySRRegressor_default,140.36393904685974,0.1327088685254739,314.8390695759035,17.743705069006968
361243.0,geographical_origin_of_music,latitude,"1,059",116,0,0.0,9.0,PySRRegressor_validation,140.36393904685974,0.1742604174322355,299.75526377818824,17.31344170805413
361244.0,solar_flare,c_class_flares,"1,066",10,0,8.0,0.0,PySRRegressor_default,130.01906776428223,0.0871278115130737,1.1499207531101798,1.0723435797868983
361244.0,solar_flare,c_class_flares,"1,066",10,0,8.0,0.0,PySRRegressor_validation,130.01906776428223,0.1054145371146789,1.1268854525052054,1.0615486105238918
361244.0,solar_flare,c_class_flares,"1,066",10,0,8.0,1.0,PySRRegressor_default,135.00087451934814,0.0940658984064833,0.580956255908778,0.7622048647894987
361244.0,solar_flare,c_class_flares,"1,066",10,0,8.0,1.0,PySRRegressor_validation,135.00087451934814,0.1568578461975943,0.540689116361015,0.7353156576335194
361244.0,solar_flare,c_class_flares,"1,066",10,0,8.0,2.0,PySRRegressor_default,135.68237137794495,0.0616262676413329,0.4093142125425088,0.6397766895898199
361244.0,solar_flare,c_class_flares,"1,066",10,0,8.0,2.0,PySRRegressor_validation,135.68237137794495,0.104433139940909,0.3906420559992227,0.625013644650437
361244.0,solar_flare,c_class_flares,"1,066",10,0,8.0,3.0,PySRRegressor_default,131.065345287323,0.0481158928134254,0.9995240402303256,0.9997619917912092
361244.0,solar_flare,c_class_flares,"1,066",10,0,8.0,3.0,PySRRegressor_validation,131.065345287323,0.0357526483666338,1.0125060408189646,1.0062335915775047
361244.0,solar_flare,c_class_flares,"1,066",10,0,8.0,4.0,PySRRegressor_default,132.9578070640564,0.0881978012357413,0.5077867778252174,0.7125915925866775
361244.0,solar_flare,c_class_flares,"1,066",10,0,8.0,4.0,PySRRegressor_validation,132.9578070640564,0.1346438380711759,0.4819207693648513,0.6942051349312042
361244.0,solar_flare,c_class_flares,"1,066",10,0,8.0,5.0,PySRRegressor_default,130.36194229125977,0.1592846174099477,0.5081448552295537,0.7128427983991658
361244.0,solar_flare,c_class_flares,"1,066",10,0,8.0,5.0,PySRRegressor_validation,130.36194229125977,0.1849983481512389,0.4926029723812931,0.7018568033304893
361244.0,solar_flare,c_class_flares,"1,066",10,0,8.0,6.0,PySRRegressor_default,124.876877784729,0.061113315854739,0.3863841249099045,0.6215980412693596
361244.0,solar_flare,c_class_flares,"1,066",10,0,8.0,6.0,PySRRegressor_validation,124.876877784729,0.1327349395485294,0.3569093662804912,0.597418920256541
361244.0,solar_flare,c_class_flares,"1,066",10,0,8.0,7.0,PySRRegressor_default,130.90394139289856,0.0402900817699561,0.5805578777331442,0.7619434872306109
361244.0,solar_flare,c_class_flares,"1,066",10,0,8.0,7.0,PySRRegressor_validation,130.90394139289856,0.0903427645688876,0.5502794792831319,0.741808249673143
361244.0,solar_flare,c_class_flares,"1,066",10,0,8.0,8.0,PySRRegressor_default,134.6478841304779,0.1240503785604451,0.5600589249218372,0.7483708471886362
361244.0,solar_flare,c_class_flares,"1,066",10,0,8.0,8.0,PySRRegressor_validation,134.6478841304779,-0.154125488384262,0.7379171865924296,0.8590210629503968
361244.0,solar_flare,c_class_flares,"1,066",10,0,8.0,9.0,PySRRegressor_default,128.54668188095093,0.0932048657691344,0.6625027818530771,0.8139427386819524
361244.0,solar_flare,c_class_flares,"1,066",10,0,8.0,9.0,PySRRegressor_validation,128.54668188095093,0.1284299628515188,0.6367673936411429,0.7979770633552965
361264.0,socmob,counts_for_sons_current_occupation,"1,156",5,0,4.0,0.0,PySRRegressor_default,146.819477558136,0.7245978397924275,177.65725236812125,13.32881286417216
361264.0,socmob,counts_for_sons_current_occupation,"1,156",5,0,4.0,0.0,PySRRegressor_validation,146.819477558136,0.7810675914369468,141.22957543372783,11.884005024979071
361264.0,socmob,counts_for_sons_current_occupation,"1,156",5,0,4.0,1.0,PySRRegressor_default,138.5081889629364,0.8284531296491471,166.49582369829963,12.903326071145363
361264.0,socmob,counts_for_sons_current_occupation,"1,156",5,0,4.0,1.0,PySRRegressor_validation,138.5081889629364,0.8537592813696899,141.93478934816196,11.913638795437857
361264.0,socmob,counts_for_sons_current_occupation,"1,156",5,0,4.0,2.0,PySRRegressor_default,138.7325837612152,-2.5624090744208705,4609.551105925088,67.89367500677135
361264.0,socmob,counts_for_sons_current_occupation,"1,156",5,0,4.0,2.0,PySRRegressor_validation,138.7325837612152,-2.4915332553877687,4517.841899266812,67.21489343342598
361264.0,socmob,counts_for_sons_current_occupation,"1,156",5,0,4.0,3.0,PySRRegressor_default,136.95539808273315,0.8184694726253992,236.2847281406405,15.371555813925944
361264.0,socmob,counts_for_sons_current_occupation,"1,156",5,0,4.0,3.0,PySRRegressor_validation,136.95539808273315,0.8229416722871598,230.46359988991287,15.18102762957478
361264.0,socmob,counts_for_sons_current_occupation,"1,156",5,0,4.0,4.0,PySRRegressor_default,133.8323712348938,0.5592339466730469,509.5306109291806,22.57278474023931
361264.0,socmob,counts_for_sons_current_occupation,"1,156",5,0,4.0,4.0,PySRRegressor_validation,133.8323712348938,0.5592339466730469,509.5306109291806,22.57278474023931
361264.0,socmob,counts_for_sons_current_occupation,"1,156",5,0,4.0,5.0,PySRRegressor_default,133.9073932170868,0.79890444088896,593.7760631236209,24.367520660166083
361264.0,socmob,counts_for_sons_current_occupation,"1,156",5,0,4.0,5.0,PySRRegressor_validation,133.9073932170868,0.801441675579553,586.2843550398577,24.213309460704824
361264.0,socmob,counts_for_sons_current_occupation,"1,156",5,0,4.0,6.0,PySRRegressor_default,129.87512230873108,0.9053303012152194,221.2771668652593,14.875387956798278
361264.0,socmob,counts_for_sons_current_occupation,"1,156",5,0,4.0,6.0,PySRRegressor_validation,129.87512230873108,0.8841419746547985,270.8019137704391,16.456060092574987
361264.0,socmob,counts_for_sons_current_occupation,"1,156",5,0,4.0,7.0,PySRRegressor_default,130.45702576637268,0.8539763777059477,394.36017080107325,19.85850374023867
361264.0,socmob,counts_for_sons_current_occupation,"1,156",5,0,4.0,7.0,PySRRegressor_validation,130.45702576637268,0.8811130925522189,321.07312769372373,17.9185135458755
361264.0,socmob,counts_for_sons_current_occupation,"1,156",5,0,4.0,8.0,PySRRegressor_default,136.73753786087036,0.72462206748544,423.6850583141957,20.58361140116563
361264.0,socmob,counts_for_sons_current_occupation,"1,156",5,0,4.0,8.0,PySRRegressor_validation,136.73753786087036,0.72462206748544,423.6850583141957,20.58361140116563
361264.0,socmob,counts_for_sons_current_occupation,"1,156",5,0,4.0,9.0,PySRRegressor_default,135.17273020744324,0.617403509099318,682.275163051238,26.12039745201512
361264.0,socmob,counts_for_sons_current_occupation,"1,156",5,0,4.0,9.0,PySRRegressor_validation,135.17273020744324,0.7230316851174441,493.9109654447318,22.22410775362493
361616.0,Moneyball,RS,"1,232",10,"3,600",4.0,0.0,PySRRegressor_default,134.82179927825928,0.9392159828522278,501.89911659590535,22.403105065948008
361616.0,Moneyball,RS,"1,232",10,"3,600",4.0,0.0,PySRRegressor_validation,134.82179927825928,0.9441140258720196,461.4555332324397,21.48151608319208
361616.0,Moneyball,RS,"1,232",10,"3,600",4.0,1.0,PySRRegressor_default,127.62431073188782,0.9017479719361856,780.4043250327131,27.935717728970435
361616.0,Moneyball,RS,"1,232",10,"3,600",4.0,1.0,PySRRegressor_validation,127.62431073188782,0.9446790991357958,439.4074214029497,20.96204716631821
361616.0,Moneyball,RS,"1,232",10,"3,600",4.0,2.0,PySRRegressor_default,96.40631699562071,0.9453903570309438,434.3360356742417,20.84073020971774
361616.0,Moneyball,RS,"1,232",10,"3,600",4.0,2.0,PySRRegressor_validation,96.40631699562071,0.9456222834592194,432.4914163002896,20.79642796973292
361616.0,Moneyball,RS,"1,232",10,"3,600",4.0,3.0,PySRRegressor_default,141.86814498901367,0.9239454061670896,637.0845943099705,25.24053474690999
361616.0,Moneyball,RS,"1,232",10,"3,600",4.0,3.0,PySRRegressor_validation,141.86814498901367,0.9328011375695427,562.9030128496191,23.725577186859315
361616.0,Moneyball,RS,"1,232",10,"3,600",4.0,4.0,PySRRegressor_default,47.70968675613403,0.9270368727859268,668.5167317600302,25.85569051021516
361616.0,Moneyball,RS,"1,232",10,"3,600",4.0,4.0,PySRRegressor_validation,47.70968675613403,0.948370186470626,473.0525612035389,21.749771520720373
361616.0,Moneyball,RS,"1,232",10,"3,600",4.0,5.0,PySRRegressor_default,49.38128972053528,0.9154711023878056,673.724188669622,25.95619750020449
361616.0,Moneyball,RS,"1,232",10,"3,600",4.0,5.0,PySRRegressor_validation,49.38128972053528,0.9462651856943346,428.2848255928822,20.69504350304397
361616.0,Moneyball,RS,"1,232",10,"3,600",4.0,6.0,PySRRegressor_default,49.82864308357239,0.9204409617915456,669.659588843942,25.877781760497594
361616.0,Moneyball,RS,"1,232",10,"3,600",4.0,6.0,PySRRegressor_validation,49.82864308357239,0.9453228907960296,460.2249008185618,21.45285297620253
361616.0,Moneyball,RS,"1,232",10,"3,600",4.0,7.0,PySRRegressor_default,49.973395586013794,0.9393526642232228,516.5109863618087,22.726878060169387
361616.0,Moneyball,RS,"1,232",10,"3,600",4.0,7.0,PySRRegressor_validation,49.973395586013794,0.9510824952866498,416.6123422609736,20.411083809072306
361616.0,Moneyball,RS,"1,232",10,"3,600",4.0,8.0,PySRRegressor_default,157.54852676391602,0.9177941119966128,668.3256211670563,25.8519945297661
361616.0,Moneyball,RS,"1,232",10,"3,600",4.0,8.0,PySRRegressor_validation,157.54852676391602,0.938341697120484,501.2758157951056,22.389189708319183
361616.0,Moneyball,RS,"1,232",10,"3,600",4.0,9.0,PySRRegressor_default,135.67654490470886,0.9308037292146976,593.2326600574727,24.356367957014296
361616.0,Moneyball,RS,"1,232",10,"3,600",4.0,9.0,PySRRegressor_validation,135.67654490470886,0.9531051835283774,402.0380925539226,20.05088757521528
361235.0,airfoil_self_noise,sound_pressure,"1,503",5,0,0.0,0.0,PySRRegressor_default,158.58102345466614,0.5690450244266576,23.612609369952164,4.859280746154946
361235.0,airfoil_self_noise,sound_pressure,"1,503",5,0,0.0,0.0,PySRRegressor_validation,158.58102345466614,0.6808292550463619,17.48779930636696,4.181841616604694
361235.0,airfoil_self_noise,sound_pressure,"1,503",5,0,0.0,1.0,PySRRegressor_default,155.39099192619324,0.699368113574353,12.5935617424141,3.548740867182908
361235.0,airfoil_self_noise,sound_pressure,"1,503",5,0,0.0,1.0,PySRRegressor_validation,155.39099192619324,0.7067233087884421,12.285450363553265,3.505060679011601
361235.0,airfoil_self_noise,sound_pressure,"1,503",5,0,0.0,2.0,PySRRegressor_default,148.94117140769958,0.4141433023425739,25.0434904999191,5.00434716021172
361235.0,airfoil_self_noise,sound_pressure,"1,503",5,0,0.0,2.0,PySRRegressor_validation,148.94117140769958,0.6199706934265785,16.245031194347547,4.030512522539478
361235.0,airfoil_self_noise,sound_pressure,"1,503",5,0,0.0,3.0,PySRRegressor_default,150.90501880645752,0.4586937587475178,25.32389649744359,5.0322854149425575
361235.0,airfoil_self_noise,sound_pressure,"1,503",5,0,0.0,3.0,PySRRegressor_validation,150.90501880645752,0.6840378801945972,14.781636362719842,3.8446893714212913
361235.0,airfoil_self_noise,sound_pressure,"1,503",5,0,0.0,4.0,PySRRegressor_default,150.52168583869934,0.5315779377469532,21.68022259873167,4.6562025942533545
361235.0,airfoil_self_noise,sound_pressure,"1,503",5,0,0.0,4.0,PySRRegressor_validation,150.52168583869934,0.6566185513759253,15.892902666961133,3.986590356051288
361235.0,airfoil_self_noise,sound_pressure,"1,503",5,0,0.0,5.0,PySRRegressor_default,145.0967423915863,0.4129740498897374,29.716578129253424,5.451291418485479
361235.0,airfoil_self_noise,sound_pressure,"1,503",5,0,0.0,5.0,PySRRegressor_validation,145.0967423915863,0.5478641172236125,22.88813856191499,4.784154947523647
361235.0,airfoil_self_noise,sound_pressure,"1,503",5,0,0.0,6.0,PySRRegressor_default,100.11913180351256,0.6814139573792891,14.087089704253394,3.75327719523264
361235.0,airfoil_self_noise,sound_pressure,"1,503",5,0,0.0,6.0,PySRRegressor_validation,100.11913180351256,0.6814139573792891,14.087089704253394,3.75327719523264
361235.0,airfoil_self_noise,sound_pressure,"1,503",5,0,0.0,7.0,PySRRegressor_default,47.66396427154541,0.5408988023353833,23.968448731243,4.895758238643223
361235.0,airfoil_self_noise,sound_pressure,"1,503",5,0,0.0,7.0,PySRRegressor_validation,47.66396427154541,0.6316485067014678,19.23064877006116,4.385276361879734
361235.0,airfoil_self_noise,sound_pressure,"1,503",5,0,0.0,8.0,PySRRegressor_default,51.57756423950195,0.3489487202899766,31.770412859891064,5.636524892155721
361235.0,airfoil_self_noise,sound_pressure,"1,503",5,0,0.0,8.0,PySRRegressor_validation,51.57756423950195,0.5789865725876246,20.544879989186843,4.532646025136625
361235.0,airfoil_self_noise,sound_pressure,"1,503",5,0,0.0,9.0,PySRRegressor_default,52.37031936645508,0.5498194667040561,19.909540247971883,4.462010785281887
361235.0,airfoil_self_noise,sound_pressure,"1,503",5,0,0.0,9.0,PySRRegressor_validation,52.37031936645508,0.7535387181634979,10.899917804897209,3.3015023557309795
361250.0,red_wine,quality,"1,599",11,0,0.0,0.0,PySRRegressor_default,54.41611242294312,-0.013630367425087,0.6920798903212149,0.8319133911178584
361250.0,red_wine,quality,"1,599",11,0,0.0,0.0,PySRRegressor_validation,54.41611242294312,0.3135996726296393,0.4686559110197866,0.6845844805572112
361250.0,red_wine,quality,"1,599",11,0,0.0,1.0,PySRRegressor_default,54.6269166469574,0.1607361651387675,0.5635853353554471,0.7507232082168814
361250.0,red_wine,quality,"1,599",11,0,0.0,1.0,PySRRegressor_validation,54.6269166469574,0.2934773241509429,0.4744465359578569,0.6888007955554762
361250.0,red_wine,quality,"1,599",11,0,0.0,2.0,PySRRegressor_default,55.828043699264526,0.2467736732428933,0.4130681406774618,0.6427037736605113
361250.0,red_wine,quality,"1,599",11,0,0.0,2.0,PySRRegressor_validation,55.828043699264526,0.4069704251444344,0.3252164922420816,0.5702775571965651
361250.0,red_wine,quality,"1,599",11,0,0.0,3.0,PySRRegressor_default,56.668956995010376,0.0394466390673899,0.5294675185984399,0.7276451872983425
361250.0,red_wine,quality,"1,599",11,0,0.0,3.0,PySRRegressor_validation,56.668956995010376,0.3708337754509361,0.346803304477025,0.588900080214823
361250.0,red_wine,quality,"1,599",11,0,0.0,4.0,PySRRegressor_default,57.210721015930176,0.2523241668455809,0.4927358977011017,0.7019514924131879
361250.0,red_wine,quality,"1,599",11,0,0.0,4.0,PySRRegressor_validation,57.210721015930176,0.3478742516545507,0.4297661523568779,0.6555655210250749
361250.0,red_wine,quality,"1,599",11,0,0.0,5.0,PySRRegressor_default,57.17687797546387,0.1391696670765736,0.6132071074684221,0.7830754162074187
361250.0,red_wine,quality,"1,599",11,0,0.0,5.0,PySRRegressor_validation,57.17687797546387,0.3354617748149988,0.4733796513466283,0.6880259089210436
361250.0,red_wine,quality,"1,599",11,0,0.0,6.0,PySRRegressor_default,58.65132403373718,0.313151342780826,0.4908553196806558,0.7006106762536921
361250.0,red_wine,quality,"1,599",11,0,0.0,6.0,PySRRegressor_validation,58.65132403373718,0.3868804489613994,0.4381649291504373,0.6619402761204649
361250.0,red_wine,quality,"1,599",11,0,0.0,7.0,PySRRegressor_default,57.69218182563782,0.1921660860881003,0.5271116288275144,0.7260245373453396
361250.0,red_wine,quality,"1,599",11,0,0.0,7.0,PySRRegressor_validation,57.69218182563782,0.3200539054515239,0.4436648266928806,0.6660816967106067
361250.0,red_wine,quality,"1,599",11,0,0.0,8.0,PySRRegressor_default,58.22022128105164,0.1733441196185183,0.541168980441924,0.7356418832841997
361250.0,red_wine,quality,"1,599",11,0,0.0,8.0,PySRRegressor_validation,58.22022128105164,0.4005306799616887,0.392441653692268,0.6264516371534742
361250.0,red_wine,quality,"1,599",11,0,0.0,9.0,PySRRegressor_default,57.50807285308838,0.1461903917791047,0.5439443673116466,0.7375258417924396
361250.0,red_wine,quality,"1,599",11,0,0.0,9.0,PySRRegressor_validation,57.50807285308838,0.3560950883678283,0.410218444948687,0.640482977875827
361236.0,auction_verification,verification.time,"2,043",7,0,2.0,0.0,PySRRegressor_default,59.95612120628357,0.8489595293772431,16084991.88666488,4010.609914547272
361236.0,auction_verification,verification.time,"2,043",7,0,2.0,0.0,PySRRegressor_validation,59.95612120628357,0.8820647312996722,12559467.22341979,3543.933862732174
361236.0,auction_verification,verification.time,"2,043",7,0,2.0,1.0,PySRRegressor_default,59.969183683395386,0.7738707622202547,28447972.0302003,5333.664034245155
361236.0,auction_verification,verification.time,"2,043",7,0,2.0,1.0,PySRRegressor_validation,59.969183683395386,0.8438022308593395,19650310.64236491,4432.867090536881
361236.0,auction_verification,verification.time,"2,043",7,0,2.0,2.0,PySRRegressor_default,60.50814890861511,0.8902972701517341,13140450.815150475,3624.975974423896
361236.0,auction_verification,verification.time,"2,043",7,0,2.0,2.0,PySRRegressor_validation,60.50814890861511,0.9172192945297202,9915667.460419765,3148.915283144303
361236.0,auction_verification,verification.time,"2,043",7,0,2.0,3.0,PySRRegressor_default,59.72994256019592,0.8375710185005134,17538601.28189484,4187.911326890153
361236.0,auction_verification,verification.time,"2,043",7,0,2.0,3.0,PySRRegressor_validation,59.72994256019592,0.862122683661602,14887585.052575674,3858.4433457776304
361236.0,auction_verification,verification.time,"2,043",7,0,2.0,4.0,PySRRegressor_default,61.62137413024902,0.8620944039563962,13606564.219737375,3688.7076625476
361236.0,auction_verification,verification.time,"2,043",7,0,2.0,4.0,PySRRegressor_validation,61.62137413024902,0.8950670095095924,10353296.130386038,3217.653823888772
361236.0,auction_verification,verification.time,"2,043",7,0,2.0,5.0,PySRRegressor_default,61.30188512802124,0.8156130840066985,20007068.51500983,4472.926169188335
361236.0,auction_verification,verification.time,"2,043",7,0,2.0,5.0,PySRRegressor_validation,61.30188512802124,0.8657268248434096,14569431.896043072,3816.992519778245
361236.0,auction_verification,verification.time,"2,043",7,0,2.0,6.0,PySRRegressor_default,60.429741621017456,0.8452662925578979,16864795.11478993,4106.676894374566
361236.0,auction_verification,verification.time,"2,043",7,0,2.0,6.0,PySRRegressor_validation,60.429741621017456,0.900910997928249,10799946.215302631,3286.3271619396983
361236.0,auction_verification,verification.time,"2,043",7,0,2.0,7.0,PySRRegressor_default,61.68403911590576,0.8518365067822684,16796469.479053225,4098.349604298445
361236.0,auction_verification,verification.time,"2,043",7,0,2.0,7.0,PySRRegressor_validation,61.68403911590576,0.893050164885468,12124306.752481652,3481.997523330775
361236.0,auction_verification,verification.time,"2,043",7,0,2.0,8.0,PySRRegressor_default,61.510271310806274,0.7732743238278772,21810307.97002453,4670.150743822359
361236.0,auction_verification,verification.time,"2,043",7,0,2.0,8.0,PySRRegressor_validation,61.510271310806274,0.8197045343868373,17343865.489838786,4164.596677931584
361236.0,auction_verification,verification.time,"2,043",7,0,2.0,9.0,PySRRegressor_default,61.14473104476929,0.8289034821488964,14523249.985875376,3810.938202841313
361236.0,auction_verification,verification.time,"2,043",7,0,2.0,9.0,PySRRegressor_validation,61.14473104476929,0.8828537220060657,9943771.513230631,3153.374623039678
361623.0,space_ga,ln_votes_pop,"3,107",6,0,0.0,0.0,PySRRegressor_default,62.547990560531616,0.4079244729232826,0.0197217998370369,0.1404343257079155
361623.0,space_ga,ln_votes_pop,"3,107",6,0,0.0,0.0,PySRRegressor_validation,62.547990560531616,0.603974809895065,0.0131914412477683,0.1148539997029637
361623.0,space_ga,ln_votes_pop,"3,107",6,0,0.0,1.0,PySRRegressor_default,62.3910117149353,0.4936034854842935,0.0218520860955655,0.1478245111460394
361623.0,space_ga,ln_votes_pop,"3,107",6,0,0.0,1.0,PySRRegressor_validation,62.3910117149353,0.5324356309093627,0.0201763964713672,0.1420436428403864
361623.0,space_ga,ln_votes_pop,"3,107",6,0,0.0,2.0,PySRRegressor_default,63.11533117294312,0.564097721838812,0.0158287740141748,0.1258124557195145
361623.0,space_ga,ln_votes_pop,"3,107",6,0,0.0,2.0,PySRRegressor_validation,63.11533117294312,0.5667066388482878,0.0157340372811186,0.125435390863658
361623.0,space_ga,ln_votes_pop,"3,107",6,0,0.0,3.0,PySRRegressor_default,61.2709321975708,0.3890580358661643,0.0210205699074553,0.1449847230140311
361623.0,space_ga,ln_votes_pop,"3,107",6,0,0.0,3.0,PySRRegressor_validation,61.2709321975708,0.5597902648789146,0.0151462169146856,0.1230699675578312
361623.0,space_ga,ln_votes_pop,"3,107",6,0,0.0,4.0,PySRRegressor_default,62.537105083465576,0.4626456829443,0.0192231899196461,0.138647718768273
361623.0,space_ga,ln_votes_pop,"3,107",6,0,0.0,4.0,PySRRegressor_validation,62.537105083465576,0.4990035668759303,0.0179225313304982,0.1338750586573103
361623.0,space_ga,ln_votes_pop,"3,107",6,0,0.0,5.0,PySRRegressor_default,62.35311388969421,0.5171075601373192,0.0163854942721535,0.1280058368675175
361623.0,space_ga,ln_votes_pop,"3,107",6,0,0.0,5.0,PySRRegressor_validation,62.35311388969421,0.5419700448506997,0.0155418610585574,0.1246670006800413
361623.0,space_ga,ln_votes_pop,"3,107",6,0,0.0,6.0,PySRRegressor_default,62.43251442909241,0.4978403235281512,0.0192772846329945,0.1388426614301041
361623.0,space_ga,ln_votes_pop,"3,107",6,0,0.0,6.0,PySRRegressor_validation,62.43251442909241,0.4953449843283861,0.0193730775973912,0.1391872034254271
361623.0,space_ga,ln_votes_pop,"3,107",6,0,0.0,7.0,PySRRegressor_default,64.17669248580933,0.5607304080393556,0.0166704101387594,0.1291139424646287
361623.0,space_ga,ln_votes_pop,"3,107",6,0,0.0,7.0,PySRRegressor_validation,64.17669248580933,0.6051320808775275,0.0149853536026228,0.1224146788690917
361623.0,space_ga,ln_votes_pop,"3,107",6,0,0.0,8.0,PySRRegressor_default,64.42880153656006,0.2690166829308243,0.0436217038465209,0.2088580949987836
361623.0,space_ga,ln_votes_pop,"3,107",6,0,0.0,8.0,PySRRegressor_validation,64.42880153656006,0.4804581322335232,0.0310038559873629,0.1760791185443718
361623.0,space_ga,ln_votes_pop,"3,107",6,0,0.0,9.0,PySRRegressor_default,62.26252341270447,0.5048240019023278,0.0187971114600902,0.1371025581821515
361623.0,space_ga,ln_votes_pop,"3,107",6,0,0.0,9.0,PySRRegressor_validation,62.26252341270447,0.5711412278986774,0.0162796786815097,0.1275918441026297
361234.0,abalone,rings,"4,177",8,0,1.0,0.0,PySRRegressor_default,65.33568525314331,0.4490808451503373,5.682513330409422,2.3838022842529165
361234.0,abalone,rings,"4,177",8,0,1.0,0.0,PySRRegressor_validation,65.33568525314331,0.5112479500202035,5.041284215345568,2.245280431337157
361234.0,abalone,rings,"4,177",8,0,1.0,1.0,PySRRegressor_default,66.42048215866089,0.5037468615988867,5.2292840611398175,2.286762790745865
361234.0,abalone,rings,"4,177",8,0,1.0,1.0,PySRRegressor_validation,66.42048215866089,0.561485192625858,4.620864464784318,2.1496196093226163
361234.0,abalone,rings,"4,177",8,0,1.0,2.0,PySRRegressor_default,65.72725129127502,0.4959188888108589,5.298592844492383,2.3018672517094427
361234.0,abalone,rings,"4,177",8,0,1.0,2.0,PySRRegressor_validation,65.72725129127502,0.5758864206303569,4.458022978878986,2.1114030829945727
361234.0,abalone,rings,"4,177",8,0,1.0,3.0,PySRRegressor_default,66.17911577224731,0.5334978908962478,4.974725797601634,2.2304093340913083
361234.0,abalone,rings,"4,177",8,0,1.0,3.0,PySRRegressor_validation,66.17911577224731,0.5993315191809027,4.272683421830615,2.06704702941917
361234.0,abalone,rings,"4,177",8,0,1.0,4.0,PySRRegressor_default,67.28660869598389,0.5074406891911051,6.039712405415944,2.4575826345040657
361234.0,abalone,rings,"4,177",8,0,1.0,4.0,PySRRegressor_validation,67.28660869598389,0.5622999433956524,5.367033783978568,2.316685948500264
361234.0,abalone,rings,"4,177",8,0,1.0,5.0,PySRRegressor_default,66.17070627212524,0.5165629551160357,5.261020435796829,2.2936914430229773
361234.0,abalone,rings,"4,177",8,0,1.0,5.0,PySRRegressor_validation,66.17070627212524,0.5752991092115489,4.621822198328751,2.149842365925639
361234.0,abalone,rings,"4,177",8,0,1.0,6.0,PySRRegressor_default,68.00128245353699,0.5408852546562162,4.302325904313463,2.074204884844664
361234.0,abalone,rings,"4,177",8,0,1.0,6.0,PySRRegressor_validation,68.00128245353699,0.590372484287921,3.838585211738308,1.9592307704143248
361234.0,abalone,rings,"4,177",8,0,1.0,7.0,PySRRegressor_default,67.02355909347534,0.5579951720942967,4.028553132242797,2.007125589554076
361234.0,abalone,rings,"4,177",8,0,1.0,7.0,PySRRegressor_validation,67.02355909347534,0.5961936031727455,3.680402163175385,1.9184374274850315
361234.0,abalone,rings,"4,177",8,0,1.0,8.0,PySRRegressor_default,66.92216229438782,0.5144455005868287,5.079042639946171,2.253673143990976
361234.0,abalone,rings,"4,177",8,0,1.0,8.0,PySRRegressor_validation,66.92216229438782,0.5568520647146655,4.635457527092302,2.153011269615721
361234.0,abalone,rings,"4,177",8,0,1.0,9.0,PySRRegressor_default,67.42410373687744,0.4745675530688737,5.07315816328729,2.2523672354408126
361234.0,abalone,rings,"4,177",8,0,1.0,9.0,PySRRegressor_validation,67.42410373687744,0.5320309735140358,4.518337039802321,2.125638031227876
361249.0,white_wine,quality,"4,898",11,0,0.0,0.0,PySRRegressor_default,69.8345046043396,0.2110243410092677,0.585600013382255,0.7652450675321305
361249.0,white_wine,quality,"4,898",11,0,0.0,0.0,PySRRegressor_validation,69.8345046043396,0.3423607659972053,0.488118410047497,0.6986547144673806
361249.0,white_wine,quality,"4,898",11,0,0.0,1.0,PySRRegressor_default,69.38359713554382,0.2037544756131898,0.6660771233967783,0.8161354810304342
361249.0,white_wine,quality,"4,898",11,0,0.0,1.0,PySRRegressor_validation,69.38359713554382,0.3136704434240295,0.5741299671333907,0.7577136445474575
361249.0,white_wine,quality,"4,898",11,0,0.0,2.0,PySRRegressor_default,69.57889699935913,0.1455485693050098,0.6141694392368684,0.783689631956981
361249.0,white_wine,quality,"4,898",11,0,0.0,2.0,PySRRegressor_validation,69.57889699935913,0.2863108957017479,0.5129911674672913,0.7162340172508503
361249.0,white_wine,quality,"4,898",11,0,0.0,3.0,PySRRegressor_default,69.36012053489685,0.168216392849508,0.6138223517257508,0.7834681561657442
361249.0,white_wine,quality,"4,898",11,0,0.0,3.0,PySRRegressor_validation,69.36012053489685,0.2772814838322675,0.533336766216841,0.7302990936711075
361249.0,white_wine,quality,"4,898",11,0,0.0,4.0,PySRRegressor_default,70.51874566078186,0.1796435966874766,0.6598009358070724,0.8122813156826103
361249.0,white_wine,quality,"4,898",11,0,0.0,4.0,PySRRegressor_validation,70.51874566078186,0.3409632132486914,0.5300538727728383,0.7280479879601607
361249.0,white_wine,quality,"4,898",11,0,0.0,5.0,PySRRegressor_default,70.35523104667664,0.2474424600221583,0.6517725016688557,0.8073242853208713
361249.0,white_wine,quality,"4,898",11,0,0.0,5.0,PySRRegressor_validation,70.35523104667664,0.3233005374863191,0.5860735932211885,0.7655544351783147
361249.0,white_wine,quality,"4,898",11,0,0.0,6.0,PySRRegressor_default,70.33611631393433,0.1044083913292422,0.668221004346998,0.8174478603232124
361249.0,white_wine,quality,"4,898",11,0,0.0,6.0,PySRRegressor_validation,70.33611631393433,0.2125855883223397,0.5875075692027605,0.7664904234253422
361249.0,white_wine,quality,"4,898",11,0,0.0,7.0,PySRRegressor_default,70.79071831703186,0.1953656377048613,0.6197661825298366,0.7872522991581775
361249.0,white_wine,quality,"4,898",11,0,0.0,7.0,PySRRegressor_validation,70.79071831703186,0.2657985974462002,0.5655154959712183,0.7520076435590388
361249.0,white_wine,quality,"4,898",11,0,0.0,8.0,PySRRegressor_default,70.85193920135498,0.2240192428822451,0.6355149382568349,0.7971919080477642
361249.0,white_wine,quality,"4,898",11,0,0.0,8.0,PySRRegressor_validation,70.85193920135498,0.355261202971624,0.5280300226866275,0.7266567433710551
361249.0,white_wine,quality,"4,898",11,0,0.0,9.0,PySRRegressor_default,70.11531591415405,0.1786921274817442,0.6472203205316557,0.8045000438357077
361249.0,white_wine,quality,"4,898",11,0,0.0,9.0,PySRRegressor_validation,70.11531591415405,0.2853781638789319,0.563147863681189,0.7504317848287004
361256.0,cpu_activity,usr,"8,192",21,0,0.0,0.0,PySRRegressor_default,83.0764365196228,0.9715556255614618,10.028148136978412,3.166725143895253
361256.0,cpu_activity,usr,"8,192",21,0,0.0,0.0,PySRRegressor_validation,83.0764365196228,0.9723329384173532,9.754104196075408,3.123156127393475
361256.0,cpu_activity,usr,"8,192",21,0,0.0,1.0,PySRRegressor_default,86.13294267654419,0.9737928045381437,10.951784115496125,3.3093479894831432
361256.0,cpu_activity,usr,"8,192",21,0,0.0,1.0,PySRRegressor_validation,86.13294267654419,0.9784187782587148,9.01862550699906,3.0031026467636868
361256.0,cpu_activity,usr,"8,192",21,0,0.0,2.0,PySRRegressor_default,85.14861965179443,0.9402640093661248,14.458782691460195,3.802470603628672
361256.0,cpu_activity,usr,"8,192",21,0,0.0,2.0,PySRRegressor_validation,85.14861965179443,0.9535149661095986,11.251458229694608,3.354319339254181
361256.0,cpu_activity,usr,"8,192",21,0,0.0,3.0,PySRRegressor_default,81.21237778663635,0.9682072481047418,11.00289098989908,3.3170605948488614
361256.0,cpu_activity,usr,"8,192",21,0,0.0,3.0,PySRRegressor_validation,81.21237778663635,0.9725017409014928,9.516645437603763,3.084906066252872
361256.0,cpu_activity,usr,"8,192",21,0,0.0,4.0,PySRRegressor_default,70.6510660648346,0.963401224354412,12.19137773989442,3.491615348215553
361256.0,cpu_activity,usr,"8,192",21,0,0.0,4.0,PySRRegressor_validation,70.6510660648346,0.9752126660199208,8.25688144987149,2.873478980238326
361256.0,cpu_activity,usr,"8,192",21,0,0.0,5.0,PySRRegressor_default,68.61475372314453,0.956889517708678,15.649231492812904,3.955910956127919
361256.0,cpu_activity,usr,"8,192",21,0,0.0,5.0,PySRRegressor_validation,68.61475372314453,0.9607120869452608,14.26162765028686,3.776457023492636
361256.0,cpu_activity,usr,"8,192",21,0,0.0,6.0,PySRRegressor_default,69.99707341194153,0.9615319070765252,14.201138526506588,3.768439800037489
361256.0,cpu_activity,usr,"8,192",21,0,0.0,6.0,PySRRegressor_validation,69.99707341194153,0.9667229368433824,12.284783250953756,3.504965513518465
361256.0,cpu_activity,usr,"8,192",21,0,0.0,7.0,PySRRegressor_default,67.32307767868042,0.9594479386802316,14.089970321907876,3.753660922607139
361256.0,cpu_activity,usr,"8,192",21,0,0.0,7.0,PySRRegressor_validation,67.32307767868042,0.9682401735853756,11.035074347573476,3.321908238885216
361256.0,cpu_activity,usr,"8,192",21,0,0.0,8.0,PySRRegressor_default,69.33925580978394,0.93665240719565,15.699122964189272,3.962211877750769
361256.0,cpu_activity,usr,"8,192",21,0,0.0,8.0,PySRRegressor_validation,69.33925580978394,0.95751924728538,10.527796415846488,3.2446565944405408
361256.0,cpu_activity,usr,"8,192",21,0,0.0,9.0,PySRRegressor_default,68.12599897384644,0.9677935628714232,11.601371504672516,3.406078611052968
361256.0,cpu_activity,usr,"8,192",21,0,0.0,9.0,PySRRegressor_validation,68.12599897384644,0.9749576959002992,9.020714462570226,3.003450426188224
361258.0,kin8nm,y,"8,192",8,0,0.0,0.0,PySRRegressor_default,62.352352142333984,0.2884405846529545,0.0495371002047672,0.2225693155059053
361258.0,kin8nm,y,"8,192",8,0,0.0,0.0,PySRRegressor_validation,62.352352142333984,0.477846389651179,0.0363511116011514,0.190659674816547
361258.0,kin8nm,y,"8,192",8,0,0.0,1.0,PySRRegressor_default,61.26453614234924,0.5248263216026936,0.0336333112519807,0.1833938691777366
361258.0,kin8nm,y,"8,192",8,0,0.0,1.0,PySRRegressor_validation,61.26453614234924,0.5939678229434757,0.0287394003710851,0.1695269900962238
361258.0,kin8nm,y,"8,192",8,0,0.0,2.0,PySRRegressor_default,59.84648847579956,0.5130084954237446,0.0344373668269025,0.185573076783521
361258.0,kin8nm,y,"8,192",8,0,0.0,2.0,PySRRegressor_validation,59.84648847579956,0.5581541694105663,0.0312449125004462,0.1767623050891968
361258.0,kin8nm,y,"8,192",8,0,0.0,3.0,PySRRegressor_default,61.135024309158325,0.3618558465245365,0.0440768653787905,0.2099449103426672
361258.0,kin8nm,y,"8,192",8,0,0.0,3.0,PySRRegressor_validation,61.135024309158325,0.5311919643183713,0.0323807537289126,0.1799465301941458
361258.0,kin8nm,y,"8,192",8,0,0.0,4.0,PySRRegressor_default,60.14039993286133,0.2292499722435925,0.0529663368117833,0.2301441652785995
361258.0,kin8nm,y,"8,192",8,0,0.0,4.0,PySRRegressor_validation,60.14039993286133,0.4581919514464266,0.0372333266993969,0.1929593913221043
361258.0,kin8nm,y,"8,192",8,0,0.0,5.0,PySRRegressor_default,60.5120313167572,0.5019646635926086,0.0366840839413554,0.19153089552695
361258.0,kin8nm,y,"8,192",8,0,0.0,5.0,PySRRegressor_validation,60.5120313167572,0.5999462073868302,0.0294669992999744,0.1716595447389233
361258.0,kin8nm,y,"8,192",8,0,0.0,6.0,PySRRegressor_default,59.857170820236206,0.4891632880829983,0.0324548681744194,0.1801523471243699
361258.0,kin8nm,y,"8,192",8,0,0.0,6.0,PySRRegressor_validation,59.857170820236206,0.5582080222919276,0.0280682653821504,0.1675358629731273
361258.0,kin8nm,y,"8,192",8,0,0.0,7.0,PySRRegressor_default,60.54789590835571,0.4806484414744756,0.0354915906868714,0.1883921194924869
361258.0,kin8nm,y,"8,192",8,0,0.0,7.0,PySRRegressor_validation,60.54789590835571,0.5186134650689755,0.032897126386699,0.1813756499277094
361258.0,kin8nm,y,"8,192",8,0,0.0,8.0,PySRRegressor_default,62.06275773048401,0.51397235798053,0.0344956922055732,0.185730159655273
361258.0,kin8nm,y,"8,192",8,0,0.0,8.0,PySRRegressor_validation,62.06275773048401,0.5147650075274748,0.0344394340991727,0.1855786466681249
361258.0,kin8nm,y,"8,192",8,0,0.0,9.0,PySRRegressor_default,61.42982482910156,0.5103207305565283,0.0337190317549425,0.1836274264780251
361258.0,kin8nm,y,"8,192",8,0,0.0,9.0,PySRRegressor_validation,61.42982482910156,0.5196834979922909,0.0330743169953419,0.1818634570092132
361259.0,pumadyn32nh,thetadd6,"8,192",32,0,0.0,0.0,PySRRegressor_default,66.87939429283142,0.6947758269249447,0.0003976940661028,0.0199422683289245
361259.0,pumadyn32nh,thetadd6,"8,192",32,0,0.0,0.0,PySRRegressor_validation,66.87939429283142,0.6947758269249447,0.0003976940661028,0.0199422683289245
361259.0,pumadyn32nh,thetadd6,"8,192",32,0,0.0,1.0,PySRRegressor_default,64.06627869606018,0.142757042927809,0.0011825658398249,0.0343884550369014
361259.0,pumadyn32nh,thetadd6,"8,192",32,0,0.0,1.0,PySRRegressor_validation,64.06627869606018,0.142757042927809,0.0011825658398249,0.0343884550369014
361259.0,pumadyn32nh,thetadd6,"8,192",32,0,0.0,2.0,PySRRegressor_default,66.64270448684692,0.6523640937594251,0.0004776834098659,0.0218559696619924
361259.0,pumadyn32nh,thetadd6,"8,192",32,0,0.0,2.0,PySRRegressor_validation,66.64270448684692,0.6606848799357457,0.0004662498915149,0.0215928203696258
361259.0,pumadyn32nh,thetadd6,"8,192",32,0,0.0,3.0,PySRRegressor_default,64.78799843788147,0.199257281116891,0.0010454854953882,0.0323339681355116
361259.0,pumadyn32nh,thetadd6,"8,192",32,0,0.0,3.0,PySRRegressor_validation,64.78799843788147,0.199257281116891,0.0010454854953882,0.0323339681355116
361259.0,pumadyn32nh,thetadd6,"8,192",32,0,0.0,4.0,PySRRegressor_default,64.36819505691528,0.1504973986059463,0.0010808295272783,0.0328759718834038
361259.0,pumadyn32nh,thetadd6,"8,192",32,0,0.0,4.0,PySRRegressor_validation,64.36819505691528,0.1504973986059463,0.0010808295272783,0.0328759718834038
361259.0,pumadyn32nh,thetadd6,"8,192",32,0,0.0,5.0,PySRRegressor_default,64.47709059715271,0.1306140848658329,0.0011404832381549,0.0337710414135384
361259.0,pumadyn32nh,thetadd6,"8,192",32,0,0.0,5.0,PySRRegressor_validation,64.47709059715271,0.1306140848658329,0.0011404832381549,0.0337710414135384
361259.0,pumadyn32nh,thetadd6,"8,192",32,0,0.0,6.0,PySRRegressor_default,66.82566809654236,0.6564692606480853,0.0004293630183199,0.0207210766689363
361259.0,pumadyn32nh,thetadd6,"8,192",32,0,0.0,6.0,PySRRegressor_validation,66.82566809654236,0.6636337683238431,0.0004204084349652,0.0205038639033038
361259.0,pumadyn32nh,thetadd6,"8,192",32,0,0.0,7.0,PySRRegressor_default,65.01409220695496,0.6529145633431053,0.0004257524226886,0.0206337689889341
361259.0,pumadyn32nh,thetadd6,"8,192",32,0,0.0,7.0,PySRRegressor_validation,65.01409220695496,0.652855519161297,0.0004258248492465,0.0206355239634599
361259.0,pumadyn32nh,thetadd6,"8,192",32,0,0.0,8.0,PySRRegressor_default,64.35458302497864,0.170735139850957,0.0010060878028088,0.0317188871622079
361259.0,pumadyn32nh,thetadd6,"8,192",32,0,0.0,8.0,PySRRegressor_validation,64.35458302497864,0.170735139850957,0.0010060878028088,0.0317188871622079
361259.0,pumadyn32nh,thetadd6,"8,192",32,0,0.0,9.0,PySRRegressor_default,63.130013942718506,0.1585102437993227,0.001077194524006,0.0328206417366579
361259.0,pumadyn32nh,thetadd6,"8,192",32,0,0.0,9.0,PySRRegressor_validation,63.130013942718506,0.1586860880610373,0.0010769694250379,0.032817212328867
361251.0,grid_stability,stab,"10,000",12,0,0.0,0.0,PySRRegressor_default,67.07647347450256,0.4984241208222091,0.0006756694939608,0.0259936433375714
361251.0,grid_stability,stab,"10,000",12,0,0.0,0.0,PySRRegressor_validation,67.07647347450256,0.6364301779871819,0.0004897624623846,0.0221305775429522
361251.0,grid_stability,stab,"10,000",12,0,0.0,1.0,PySRRegressor_default,68.23230981826782,0.502970464085285,0.0006728881559609,0.0259400878171403
361251.0,grid_stability,stab,"10,000",12,0,0.0,1.0,PySRRegressor_validation,68.23230981826782,0.6328038308645286,0.0004971172440904,0.0222961262126513
361251.0,grid_stability,stab,"10,000",12,0,0.0,2.0,PySRRegressor_default,64.60513377189636,0.7219208274150174,0.0003687698380609,0.0192033809018345
361251.0,grid_stability,stab,"10,000",12,0,0.0,2.0,PySRRegressor_validation,64.60513377189636,0.7334312922521353,0.0003535054361478,0.018801740242538
361251.0,grid_stability,stab,"10,000",12,0,0.0,3.0,PySRRegressor_default,66.54591417312622,0.5206469847867842,0.0006493712289977,0.0254827633705157
361251.0,grid_stability,stab,"10,000",12,0,0.0,3.0,PySRRegressor_validation,66.54591417312622,0.6828307436800805,0.0004296636992783,0.0207283308367647
361251.0,grid_stability,stab,"10,000",12,0,0.0,4.0,PySRRegressor_default,64.03245854377747,0.5799256235535122,0.0006237419438187,0.0249748262019725
361251.0,grid_stability,stab,"10,000",12,0,0.0,4.0,PySRRegressor_validation,64.03245854377747,0.7362796429126965,0.0003915817230884,0.0197884239667643
361251.0,grid_stability,stab,"10,000",12,0,0.0,5.0,PySRRegressor_default,68.08194875717163,0.5780005658999845,0.0005724785856069,0.02392652472899
361251.0,grid_stability,stab,"10,000",12,0,0.0,5.0,PySRRegressor_validation,68.08194875717163,0.6254280009921719,0.0005081391842557,0.0225419427790899
361251.0,grid_stability,stab,"10,000",12,0,0.0,6.0,PySRRegressor_default,65.73501420021057,0.6953052888923787,0.000384529943492,0.0196094350630521
361251.0,grid_stability,stab,"10,000",12,0,0.0,6.0,PySRRegressor_validation,65.73501420021057,0.7172714791345982,0.0003568082352225,0.0188893683118993
361251.0,grid_stability,stab,"10,000",12,0,0.0,7.0,PySRRegressor_default,77.76354908943176,0.5287078112677532,0.0006150383131339,0.0247999659905806
361251.0,grid_stability,stab,"10,000",12,0,0.0,7.0,PySRRegressor_validation,77.76354908943176,0.6684792606061238,0.0004326359765779,0.0207999032828987
361251.0,grid_stability,stab,"10,000",12,0,0.0,8.0,PySRRegressor_default,75.12350034713745,0.7015642341903876,0.0004210180567102,0.0205187245390696
361251.0,grid_stability,stab,"10,000",12,0,0.0,8.0,PySRRegressor_validation,75.12350034713745,0.7297554714224788,0.0003812472876688,0.0195255547339583
361251.0,grid_stability,stab,"10,000",12,0,0.0,9.0,PySRRegressor_default,74.88425970077515,0.75266067734258,0.0003495968048034,0.0186975079837783
361251.0,grid_stability,stab,"10,000",12,0,0.0,9.0,PySRRegressor_validation,74.88425970077515,0.7528657375001737,0.0003493069666365,0.0186897556601612
361267.0,brazilian_houses,total,"10,692",9,0,4.0,0.0,PySRRegressor_default,82.25997257232666,0.0977772345635682,99046709.88688056,9952.221354395237
361267.0,brazilian_houses,total,"10,692",9,0,4.0,0.0,PySRRegressor_validation,82.25997257232666,-0.2592928133257852,138246134.68246692,11757.811645134774
361267.0,brazilian_houses,total,"10,692",9,0,4.0,1.0,PySRRegressor_default,83.36979579925537,0.4457902963757029,16173013.395903504,4021.5685243327016
361267.0,brazilian_houses,total,"10,692",9,0,4.0,1.0,PySRRegressor_validation,83.36979579925537,0.7699333657557703,6713831.846049316,2591.10629771326
361267.0,brazilian_houses,total,"10,692",9,0,4.0,2.0,PySRRegressor_default,84.19962167739868,0.31520300820835,14253322.238380335,3775.357233213877
361267.0,brazilian_houses,total,"10,692",9,0,4.0,2.0,PySRRegressor_validation,84.19962167739868,0.7050517536779659,6139034.558948817,2477.7075208645624
361267.0,brazilian_houses,total,"10,692",9,0,4.0,3.0,PySRRegressor_default,86.02546620368958,0.98665378567413,16377469.9329568,4046.908688487646
361267.0,brazilian_houses,total,"10,692",9,0,4.0,3.0,PySRRegressor_validation,86.02546620368958,0.9939716434940804,7397545.4769571535,2719.84291402227
361267.0,brazilian_houses,total,"10,692",9,0,4.0,4.0,PySRRegressor_default,95.8193678855896,0.2470176034156982,14284813.8099527,3779.525606468714
361267.0,brazilian_houses,total,"10,692",9,0,4.0,4.0,PySRRegressor_validation,95.8193678855896,0.6939225933030218,5806588.289358501,2409.686346676368
361267.0,brazilian_houses,total,"10,692",9,0,4.0,5.0,PySRRegressor_default,83.5580141544342,0.2320482217325936,15078793.404701035,3883.142207633019
361267.0,brazilian_houses,total,"10,692",9,0,4.0,5.0,PySRRegressor_validation,83.5580141544342,0.6981346270918827,5927150.275481985,2434.573941264053
361267.0,brazilian_houses,total,"10,692",9,0,4.0,6.0,PySRRegressor_default,83.22273278236389,0.7660202768431305,16521984.580628883,4064.724416320113
361267.0,brazilian_houses,total,"10,692",9,0,4.0,6.0,PySRRegressor_validation,83.22273278236389,0.8821777736489359,8319767.972896215,2884.400799628272
361267.0,brazilian_houses,total,"10,692",9,0,4.0,7.0,PySRRegressor_default,85.06506586074829,0.9888757799089392,13132712.798392158,3623.90849751924
361267.0,brazilian_houses,total,"10,692",9,0,4.0,7.0,PySRRegressor_validation,85.06506586074829,0.9953988249772938,5431923.282144814,2330.6486826943296
361267.0,brazilian_houses,total,"10,692",9,0,4.0,8.0,PySRRegressor_default,85.25149583816528,0.2840708952491033,14857646.0381665,3854.561718038317
361267.0,brazilian_houses,total,"10,692",9,0,4.0,8.0,PySRRegressor_validation,85.25149583816528,0.6665224603413433,6920645.093274854,2630.711898569445
361267.0,brazilian_houses,total,"10,692",9,0,4.0,9.0,PySRRegressor_default,86.91488838195801,0.2817806421230874,13102509.644739855,3619.738891790381
361267.0,brazilian_houses,total,"10,692",9,0,4.0,9.0,PySRRegressor_validation,86.91488838195801,0.696823055453469,5530871.308907917,2351.780455082472
361247.0,naval_propulsion_plant,gt_compressor_decay_state_coefficient,"11,934",14,0,0.0,0.0,PySRRegressor_default,94.56392574310304,0.6709806791754732,7.144182696923869e-05,0.0084523267192672
361247.0,naval_propulsion_plant,gt_compressor_decay_state_coefficient,"11,934",14,0,0.0,0.0,PySRRegressor_validation,94.56392574310304,0.732576832371302,5.806710566849776e-05,0.0076201775352348
361247.0,naval_propulsion_plant,gt_compressor_decay_state_coefficient,"11,934",14,0,0.0,1.0,PySRRegressor_default,98.91563582420348,0.8926040622373592,2.347154493010037e-05,0.0048447440520733
361247.0,naval_propulsion_plant,gt_compressor_decay_state_coefficient,"11,934",14,0,0.0,1.0,PySRRegressor_validation,98.91563582420348,0.9026763532859536,2.1270230459355343e-05,0.0046119660080442
361247.0,naval_propulsion_plant,gt_compressor_decay_state_coefficient,"11,934",14,0,0.0,2.0,PySRRegressor_default,92.95794773101808,0.7028118144973756,6.356055043032165e-05,0.007972487091888
361247.0,naval_propulsion_plant,gt_compressor_decay_state_coefficient,"11,934",14,0,0.0,2.0,PySRRegressor_validation,92.95794773101808,0.7656502733697128,5.012109614190878e-05,0.0070796254238419
361247.0,naval_propulsion_plant,gt_compressor_decay_state_coefficient,"11,934",14,0,0.0,3.0,PySRRegressor_default,98.62341070175172,0.8878203829218045,2.466436661926129e-05,0.0049663232495742
361247.0,naval_propulsion_plant,gt_compressor_decay_state_coefficient,"11,934",14,0,0.0,3.0,PySRRegressor_validation,98.62341070175172,0.8878203829218045,2.466436661926129e-05,0.0049663232495742
361247.0,naval_propulsion_plant,gt_compressor_decay_state_coefficient,"11,934",14,0,0.0,4.0,PySRRegressor_default,91.44510889053343,0.5539835155669146,9.839558823608776e-05,0.0099194550372531
361247.0,naval_propulsion_plant,gt_compressor_decay_state_coefficient,"11,934",14,0,0.0,4.0,PySRRegressor_validation,91.44510889053343,0.6608205024419462,7.482630652601441e-05,0.008650220027607
361247.0,naval_propulsion_plant,gt_compressor_decay_state_coefficient,"11,934",14,0,0.0,5.0,PySRRegressor_default,97.25974559783936,0.5302923718112704,9.723056580710754e-05,0.0098605560597314
361247.0,naval_propulsion_plant,gt_compressor_decay_state_coefficient,"11,934",14,0,0.0,5.0,PySRRegressor_validation,97.25974559783936,0.6598516387614639,7.041149778452084e-05,0.0083911559266003
361247.0,naval_propulsion_plant,gt_compressor_decay_state_coefficient,"11,934",14,0,0.0,6.0,PySRRegressor_default,90.7236340045929,0.8620546362953468,2.9770265492067185e-05,0.0054562134756685
361247.0,naval_propulsion_plant,gt_compressor_decay_state_coefficient,"11,934",14,0,0.0,6.0,PySRRegressor_validation,90.7236340045929,0.8620546362953468,2.9770265492067185e-05,0.0054562134756685
361247.0,naval_propulsion_plant,gt_compressor_decay_state_coefficient,"11,934",14,0,0.0,7.0,PySRRegressor_default,78.43426465988159,0.6191076106936422,8.331606771058963e-05,0.0091277635656599
361247.0,naval_propulsion_plant,gt_compressor_decay_state_coefficient,"11,934",14,0,0.0,7.0,PySRRegressor_validation,78.43426465988159,0.6831951516921171,6.929761511047883e-05,0.0083245189116536
361247.0,naval_propulsion_plant,gt_compressor_decay_state_coefficient,"11,934",14,0,0.0,8.0,PySRRegressor_default,83.14242577552795,0.870412621566395,2.8237888172459272e-05,0.0053139333993247
361247.0,naval_propulsion_plant,gt_compressor_decay_state_coefficient,"11,934",14,0,0.0,8.0,PySRRegressor_validation,83.14242577552795,0.8739310492391463,2.747120110488392e-05,0.0052412976546733
361247.0,naval_propulsion_plant,gt_compressor_decay_state_coefficient,"11,934",14,0,0.0,9.0,PySRRegressor_default,165.60583209991455,0.6638989927531627,7.25092129414437e-05,0.008515234168327
361247.0,naval_propulsion_plant,gt_compressor_decay_state_coefficient,"11,934",14,0,0.0,9.0,PySRRegressor_validation,165.60583209991455,0.7346516039146882,5.7245301086795454e-05,0.0075660624559142
361260.0,miami_housing,SALE_PRC,"13,932",15,0,0.0,0.0,PySRRegressor_default,342.0863268375397,0.7209415023664116,29219430914.364185,170936.92086370394
361260.0,miami_housing,SALE_PRC,"13,932",15,0,0.0,0.0,PySRRegressor_validation,342.0863268375397,0.7873076536559098,22270417753.68296,149232.7636736751
361260.0,miami_housing,SALE_PRC,"13,932",15,0,0.0,1.0,PySRRegressor_default,266.8892707824707,0.785753182381423,19864940927.56745,140943.04143010202
361260.0,miami_housing,SALE_PRC,"13,932",15,0,0.0,1.0,PySRRegressor_validation,266.8892707824707,0.8247094435755843,16252920753.906769,127486.94346444568
361260.0,miami_housing,SALE_PRC,"13,932",15,0,0.0,2.0,PySRRegressor_default,277.0817530155182,0.6651266984369999,30383329900.924454,174308.1463986249
361260.0,miami_housing,SALE_PRC,"13,932",15,0,0.0,2.0,PySRRegressor_validation,277.0817530155182,0.7308341996410995,24421634308.19903,156274.22790786403
361260.0,miami_housing,SALE_PRC,"13,932",15,0,0.0,3.0,PySRRegressor_default,364.04020285606384,0.7614593478751954,24983354992.50969,158061.2381088725
361260.0,miami_housing,SALE_PRC,"13,932",15,0,0.0,3.0,PySRRegressor_validation,364.04020285606384,0.7982185818087124,21133407478.602192,145373.33826600458
361260.0,miami_housing,SALE_PRC,"13,932",15,0,0.0,4.0,PySRRegressor_default,293.67687582969666,0.7691696207235612,21798488217.378044,147643.1109716198
361260.0,miami_housing,SALE_PRC,"13,932",15,0,0.0,4.0,PySRRegressor_validation,293.67687582969666,0.7852642151542769,20278593703.66121,142402.92730018302
361260.0,miami_housing,SALE_PRC,"13,932",15,0,0.0,5.0,PySRRegressor_default,292.5443215370178,0.7419416308618045,31838149078.02606,178432.47764357826
361260.0,miami_housing,SALE_PRC,"13,932",15,0,0.0,5.0,PySRRegressor_validation,292.5443215370178,0.8328310812421872,20624593476.266785,143612.65082250512
361260.0,miami_housing,SALE_PRC,"13,932",15,0,0.0,6.0,PySRRegressor_default,279.9409234523773,0.6160296565555545,36477604028.31894,190991.1098148784
361260.0,miami_housing,SALE_PRC,"13,932",15,0,0.0,6.0,PySRRegressor_validation,279.9409234523773,0.7086747606726158,27676217460.729763,166361.70671380407
361260.0,miami_housing,SALE_PRC,"13,932",15,0,0.0,7.0,PySRRegressor_default,329.1364006996155,0.7140048605413457,27335077125.194683,165333.2305533122
361260.0,miami_housing,SALE_PRC,"13,932",15,0,0.0,7.0,PySRRegressor_validation,329.1364006996155,0.7549269654940142,23423790740.6643,153048.32812110134
361260.0,miami_housing,SALE_PRC,"13,932",15,0,0.0,8.0,PySRRegressor_default,292.1047022342682,0.6657411394575741,30543015955.543503,174765.6028958316
361260.0,miami_housing,SALE_PRC,"13,932",15,0,0.0,8.0,PySRRegressor_validation,292.1047022342682,0.7677245215552267,21224250069.86389,145685.44906703584
361260.0,miami_housing,SALE_PRC,"13,932",15,0,0.0,9.0,PySRRegressor_default,323.6509563922882,0.7489595675230825,28325193040.578987,168300.90029640062
361260.0,miami_housing,SALE_PRC,"13,932",15,0,0.0,9.0,PySRRegressor_validation,323.6509563922882,0.8246513096772928,19784803004.83098,140658.4622581627
361272.0,fifa,wage_eur,"19,178",28,0,1.0,0.0,PySRRegressor_default,467.8811209201813,0.6154024724425242,134615864.55820724,11602.407705222537
361272.0,fifa,wage_eur,"19,178",28,0,1.0,0.0,PySRRegressor_validation,467.8811209201813,0.745082246631039,89225674.37948555,9445.934277745402
361272.0,fifa,wage_eur,"19,178",28,0,1.0,1.0,PySRRegressor_default,518.8467235565186,0.661794980773772,130552778.05737142,11425.96945809726
361272.0,fifa,wage_eur,"19,178",28,0,1.0,1.0,PySRRegressor_validation,518.8467235565186,0.7691812871662933,89099872.78429529,9439.27289489478
361272.0,fifa,wage_eur,"19,178",28,0,1.0,2.0,PySRRegressor_default,505.516001701355,0.69540152192989,134807354.99167094,11610.656957798335
361272.0,fifa,wage_eur,"19,178",28,0,1.0,2.0,PySRRegressor_validation,505.516001701355,0.7485495679925089,111285413.71976472,10549.19019260553
361272.0,fifa,wage_eur,"19,178",28,0,1.0,3.0,PySRRegressor_default,2710.93749666214,0.6845635310926947,158048555.21769434,12571.736364468288
361272.0,fifa,wage_eur,"19,178",28,0,1.0,3.0,PySRRegressor_validation,2710.93749666214,0.7943113647070399,103059711.9773893,10151.832936834082
361272.0,fifa,wage_eur,"19,178",28,0,1.0,4.0,PySRRegressor_default,487.4799208641052,0.6914344783326101,119683146.78823082,10939.979286462603
361272.0,fifa,wage_eur,"19,178",28,0,1.0,4.0,PySRRegressor_validation,487.4799208641052,0.7631044633065278,91884547.36729552,9585.642772777188
361272.0,fifa,wage_eur,"19,178",28,0,1.0,5.0,PySRRegressor_default,509.6982023715973,0.6964248587524993,82934586.6803416,9106.842849217372
361272.0,fifa,wage_eur,"19,178",28,0,1.0,5.0,PySRRegressor_validation,509.6982023715973,0.7769588499436426,60933268.50353345,7805.9764606059025
361272.0,fifa,wage_eur,"19,178",28,0,1.0,6.0,PySRRegressor_default,576.2504553794861,0.6465838901245806,138637973.39808527,11774.462764733058
361272.0,fifa,wage_eur,"19,178",28,0,1.0,6.0,PySRRegressor_validation,576.2504553794861,0.7637995292502701,92656655.04597256,9625.83269364124
361272.0,fifa,wage_eur,"19,178",28,0,1.0,7.0,PySRRegressor_default,522.5768759250641,0.7097165894323005,110369261.0279648,10505.677561583774
361272.0,fifa,wage_eur,"19,178",28,0,1.0,7.0,PySRRegressor_validation,522.5768759250641,0.8085525401924094,72790638.02964683,8531.742965516883
361272.0,fifa,wage_eur,"19,178",28,0,1.0,8.0,PySRRegressor_default,389.0087916851044,0.6762763141894576,95165768.33107165,9755.294374393408
361272.0,fifa,wage_eur,"19,178",28,0,1.0,8.0,PySRRegressor_validation,389.0087916851044,0.6972503720189809,88999978.13450544,9433.97997318764
361272.0,fifa,wage_eur,"19,178",28,0,1.0,9.0,PySRRegressor_default,200.2796700000763,0.6846692288166848,120363863.32860292,10971.046592217304
361272.0,fifa,wage_eur,"19,178",28,0,1.0,9.0,PySRRegressor_validation,200.2796700000763,0.7489842820075674,95814377.5832396,9788.481883481196
361255.0,california_housing,medianHouseValue,"20,640",8,0,0.0,0.0,PySRRegressor_default,108.91181635856628,0.4227963338355434,7573025755.943959,87023.1334528007
361255.0,california_housing,medianHouseValue,"20,640",8,0,0.0,0.0,PySRRegressor_validation,108.91181635856628,0.604702323288061,5186383355.630642,72016.5491788564
361255.0,california_housing,medianHouseValue,"20,640",8,0,0.0,1.0,PySRRegressor_default,186.3495728969574,0.430208326837184,7412862679.219583,86097.98301481621
361255.0,california_housing,medianHouseValue,"20,640",8,0,0.0,1.0,PySRRegressor_validation,186.3495728969574,0.5629534908084994,5685877680.671408,75404.75900545937
361255.0,california_housing,medianHouseValue,"20,640",8,0,0.0,2.0,PySRRegressor_default,287.69982504844666,0.6097926047443372,5224059475.439453,72277.6554367908
361255.0,california_housing,medianHouseValue,"20,640",8,0,0.0,2.0,PySRRegressor_validation,287.69982504844666,0.6808283504208068,4273039672.1040287,65368.49143206556
361255.0,california_housing,medianHouseValue,"20,640",8,0,0.0,3.0,PySRRegressor_default,285.54407596588135,0.4621626523988837,7037472533.966493,83889.64497461228
361255.0,california_housing,medianHouseValue,"20,640",8,0,0.0,3.0,PySRRegressor_validation,285.54407596588135,0.6427976209570803,4673907349.116228,68365.98093435234
361255.0,california_housing,medianHouseValue,"20,640",8,0,0.0,4.0,PySRRegressor_default,280.5562114715576,0.452669564194166,7435849066.506922,86231.3693878679
361255.0,california_housing,medianHouseValue,"20,640",8,0,0.0,4.0,PySRRegressor_validation,280.5562114715576,0.6119478055968213,5271947910.699547,72608.18074225208
361255.0,california_housing,medianHouseValue,"20,640",8,0,0.0,5.0,PySRRegressor_default,274.1085593700409,0.4352005113094956,8168356808.549286,90378.96220110788
361255.0,california_housing,medianHouseValue,"20,640",8,0,0.0,5.0,PySRRegressor_validation,274.1085593700409,0.6186125803351082,5515777879.575724,74268.28313335191
361255.0,california_housing,medianHouseValue,"20,640",8,0,0.0,6.0,PySRRegressor_default,287.6872136592865,0.3970177372946764,7837017955.788842,88526.93350494438
361255.0,california_housing,medianHouseValue,"20,640",8,0,0.0,6.0,PySRRegressor_validation,287.6872136592865,0.5620033920177647,5692683671.872589,75449.87522768072
361255.0,california_housing,medianHouseValue,"20,640",8,0,0.0,7.0,PySRRegressor_default,289.2666339874268,0.5026880786611209,6187720659.644575,78662.06620503034
361255.0,california_housing,medianHouseValue,"20,640",8,0,0.0,7.0,PySRRegressor_validation,289.2666339874268,0.5925446522352471,5069695225.601906,71201.79229206176
361255.0,california_housing,medianHouseValue,"20,640",8,0,0.0,8.0,PySRRegressor_default,287.7897298336029,0.4700004155334358,7050074459.990966,83964.7215203562
361255.0,california_housing,medianHouseValue,"20,640",8,0,0.0,8.0,PySRRegressor_validation,287.7897298336029,0.6183432215139117,5076812860.514512,71251.75689423042
361255.0,california_housing,medianHouseValue,"20,640",8,0,0.0,9.0,PySRRegressor_default,270.5498688220978,0.4216636136510026,7895252327.211519,88855.2324132435
361255.0,california_housing,medianHouseValue,"20,640",8,0,0.0,9.0,PySRRegressor_validation,270.5498688220978,0.620568893113276,5179864868.222369,71971.27807828877
361242.0,superconductivity,critical_temp,"21,263",81,0,0.0,0.0,PySRRegressor_default,481.3431162834168,0.5857079628834918,462.7606170543901,21.511871537697274
361242.0,superconductivity,critical_temp,"21,263",81,0,0.0,0.0,PySRRegressor_validation,481.3431162834168,0.6936939378122615,342.14121838319573,18.4970597226477
361242.0,superconductivity,critical_temp,"21,263",81,0,0.0,1.0,PySRRegressor_default,462.6289966106415,0.6248601592740758,454.878991579469,21.327892337956627
361242.0,superconductivity,critical_temp,"21,263",81,0,0.0,1.0,PySRRegressor_validation,462.6289966106415,0.7057606150927891,356.7824585907972,18.888685994287616
361242.0,superconductivity,critical_temp,"21,263",81,0,0.0,2.0,PySRRegressor_default,513.556806564331,0.6114518388088623,461.8188994675791,21.48997206763143
361242.0,superconductivity,critical_temp,"21,263",81,0,0.0,2.0,PySRRegressor_validation,513.556806564331,0.7317937087732649,318.78347812764514,17.854508621848016
361242.0,superconductivity,critical_temp,"21,263",81,0,0.0,3.0,PySRRegressor_default,453.7242286205292,0.5640869438276035,530.5089443751923,23.03277977959222
361242.0,superconductivity,critical_temp,"21,263",81,0,0.0,3.0,PySRRegressor_validation,453.7242286205292,0.7054667356149276,358.4488442358305,18.93274529052325
361242.0,superconductivity,critical_temp,"21,263",81,0,0.0,4.0,PySRRegressor_default,444.5582962036133,0.5758037393361457,489.7557046080055,22.130424862799305
361242.0,superconductivity,critical_temp,"21,263",81,0,0.0,4.0,PySRRegressor_validation,444.5582962036133,0.6916251914770397,356.0340711046495,18.86886512497902
361242.0,superconductivity,critical_temp,"21,263",81,0,0.0,5.0,PySRRegressor_default,464.0379321575165,0.5981630676118942,457.5200142272829,21.389717488253154
361242.0,superconductivity,critical_temp,"21,263",81,0,0.0,5.0,PySRRegressor_validation,464.0379321575165,0.7323701456202121,304.7156816965352,17.456107289328145
361242.0,superconductivity,critical_temp,"21,263",81,0,0.0,6.0,PySRRegressor_default,440.79725646972656,0.5970432169482003,468.4562201410986,21.64384947603126
361242.0,superconductivity,critical_temp,"21,263",81,0,0.0,6.0,PySRRegressor_validation,440.79725646972656,0.6899146471654392,360.4888127452717,18.98654293823053
361242.0,superconductivity,critical_temp,"21,263",81,0,0.0,7.0,PySRRegressor_default,513.6836097240448,0.6350421587875215,442.8970561529876,21.04511953287478
361242.0,superconductivity,critical_temp,"21,263",81,0,0.0,7.0,PySRRegressor_validation,513.6836097240448,0.7538625105533269,298.7018147703007,17.282992066488394
361242.0,superconductivity,critical_temp,"21,263",81,0,0.0,8.0,PySRRegressor_default,459.3449430465698,0.5951648880584501,491.4692557485202,22.169105885184457
361242.0,superconductivity,critical_temp,"21,263",81,0,0.0,8.0,PySRRegressor_validation,459.3449430465698,0.6999704613451995,364.2354373810745,19.08495316685568
361242.0,superconductivity,critical_temp,"21,263",81,0,0.0,9.0,PySRRegressor_default,422.5864703655243,0.5863892094670576,458.50974638826233,21.4128406893682
361242.0,superconductivity,critical_temp,"21,263",81,0,0.0,9.0,PySRRegressor_validation,422.5864703655243,0.6946416181795938,338.5061449330187,18.39853648889005
361266.0,kings_county,price,"21,613",21,0,4.0,0.0,PySRRegressor_default,266.06982588768005,0.6602672872992548,37232196589.21469,192956.46293714727
361266.0,kings_county,price,"21,613",21,0,4.0,0.0,PySRRegressor_validation,266.06982588768005,0.7077229879833673,32031402226.18799,178973.18856797513
361266.0,kings_county,price,"21,613",21,0,4.0,1.0,PySRRegressor_default,281.36173844337463,0.6705249375937976,39056452639.6166,197627.0544222541
361266.0,kings_county,price,"21,613",21,0,4.0,1.0,PySRRegressor_validation,281.36173844337463,0.7225959049704272,32883884505.34899,181339.1422317559
361266.0,kings_county,price,"21,613",21,0,4.0,2.0,PySRRegressor_default,246.2166941165924,0.6711854174381355,40107705469.77892,200269.0826607515
361266.0,kings_county,price,"21,613",21,0,4.0,2.0,PySRRegressor_validation,246.2166941165924,0.7066528044032219,35781511968.58066,189160.0168338453
361266.0,kings_county,price,"21,613",21,0,4.0,3.0,PySRRegressor_default,227.6752972602844,0.61837149200477,65138938463.869,255223.3109727029
361266.0,kings_county,price,"21,613",21,0,4.0,3.0,PySRRegressor_validation,227.6752972602844,0.7422246204720178,43998847656.27518,209759.0228244668
361266.0,kings_county,price,"21,613",21,0,4.0,4.0,PySRRegressor_default,245.5057184696197,0.6337661816082978,48418859825.42798,220042.8590648376
361266.0,kings_county,price,"21,613",21,0,4.0,4.0,PySRRegressor_validation,245.5057184696197,0.7667770772078415,30833821017.240025,175595.6178759596
361266.0,kings_county,price,"21,613",21,0,4.0,5.0,PySRRegressor_default,296.42351722717285,0.6536585009995508,48213246708.0775,219575.15047946
361266.0,kings_county,price,"21,613",21,0,4.0,5.0,PySRRegressor_validation,296.42351722717285,0.7640063301759137,32852029160.84421,181251.28733568825
361266.0,kings_county,price,"21,613",21,0,4.0,6.0,PySRRegressor_default,244.1268229484558,0.6359711111429999,46471139107.6683,215571.6565499006
361266.0,kings_county,price,"21,613",21,0,4.0,6.0,PySRRegressor_validation,244.1268229484558,0.6746109081987928,41538466347.24572,203809.877943258
361266.0,kings_county,price,"21,613",21,0,4.0,7.0,PySRRegressor_default,261.25164222717285,0.4521348653074726,53037842752.86552,230299.46320576937
361266.0,kings_county,price,"21,613",21,0,4.0,7.0,PySRRegressor_validation,261.25164222717285,0.5656343088954265,42050164836.595055,205061.36846465024
361266.0,kings_county,price,"21,613",21,0,4.0,8.0,PySRRegressor_default,221.26193642616272,0.7063633925612118,43288228180.32085,208058.2326665322
361266.0,kings_county,price,"21,613",21,0,4.0,8.0,PySRRegressor_validation,221.26193642616272,0.7485732676780567,37065602461.21079,192524.29057449035
361266.0,kings_county,price,"21,613",21,0,4.0,9.0,PySRRegressor_default,253.1389312744141,0.6592421909654187,62180907315.89002,249360.99798462875
361266.0,kings_county,price,"21,613",21,0,4.0,9.0,PySRRegressor_validation,253.1389312744141,0.6952827519779374,55604286840.83387,235805.6124031696
361269.0,health_insurance,whrswk,"22,272",11,0,7.0,0.0,PySRRegressor_default,139.799889087677,0.2619597507501472,265.35835903880474,16.289823787837754
361269.0,health_insurance,whrswk,"22,272",11,0,7.0,0.0,PySRRegressor_validation,139.799889087677,0.3584612563166087,230.6617673719981,15.187553040960816
361269.0,health_insurance,whrswk,"22,272",11,0,7.0,1.0,PySRRegressor_default,139.52298998832703,0.2820018206539098,251.1704171724116,15.84835692342937
361269.0,health_insurance,whrswk,"22,272",11,0,7.0,1.0,PySRRegressor_validation,139.52298998832703,0.3661895343890747,221.7198366724569,14.890259791973303
361269.0,health_insurance,whrswk,"22,272",11,0,7.0,2.0,PySRRegressor_default,140.78176617622375,0.2948330167012971,238.65982414252392,15.448618842554303
361269.0,health_insurance,whrswk,"22,272",11,0,7.0,2.0,PySRRegressor_validation,140.78176617622375,0.3570563089303306,217.60069866917547,14.751294813309626
361269.0,health_insurance,whrswk,"22,272",11,0,7.0,3.0,PySRRegressor_default,136.1410415172577,0.2815150098942581,250.4410753033715,15.825330179916357
361269.0,health_insurance,whrswk,"22,272",11,0,7.0,3.0,PySRRegressor_validation,136.1410415172577,0.3615324558683104,222.54953200220697,14.918094114269657
361269.0,health_insurance,whrswk,"22,272",11,0,7.0,4.0,PySRRegressor_default,143.38415122032166,0.2884286495055159,238.1306716288046,15.43148313120954
361269.0,health_insurance,whrswk,"22,272",11,0,7.0,4.0,PySRRegressor_validation,143.38415122032166,0.3681186854826132,211.46202936803545,14.541734056433416
361269.0,health_insurance,whrswk,"22,272",11,0,7.0,5.0,PySRRegressor_default,141.8811812400818,0.2899168341255373,255.1526068336582,15.973497013292306
361269.0,health_insurance,whrswk,"22,272",11,0,7.0,5.0,PySRRegressor_validation,141.8811812400818,0.4083731300363268,212.587969126361,14.580396741047927
361269.0,health_insurance,whrswk,"22,272",11,0,7.0,6.0,PySRRegressor_default,137.17449927330017,0.2700143719321665,257.22737138910173,16.038309492870553
361269.0,health_insurance,whrswk,"22,272",11,0,7.0,6.0,PySRRegressor_validation,137.17449927330017,0.3504479460828823,228.88473551422604,15.12893702525812
361269.0,health_insurance,whrswk,"22,272",11,0,7.0,7.0,PySRRegressor_default,154.61971521377563,0.2756007402364154,255.0416184067804,15.970022492369267
361269.0,health_insurance,whrswk,"22,272",11,0,7.0,7.0,PySRRegressor_validation,154.61971521377563,0.3565020605467078,226.5584257680742,15.051857884263796
361269.0,health_insurance,whrswk,"22,272",11,0,7.0,8.0,PySRRegressor_default,122.87568068504332,0.2748922659563725,253.41485181234992,15.919009134124837
361269.0,health_insurance,whrswk,"22,272",11,0,7.0,8.0,PySRRegressor_validation,122.87568068504332,0.3602613114779927,223.57958319705,14.952577811101667
361269.0,health_insurance,whrswk,"22,272",11,0,7.0,9.0,PySRRegressor_default,117.56049728393556,0.277598405137496,256.50048095338485,16.01563239317714
361269.0,health_insurance,whrswk,"22,272",11,0,7.0,9.0,PySRRegressor_validation,117.56049728393556,0.3709376037986177,223.35887451363425,14.945195700078145
361268.0,fps_benchmark,FPS,"24,624",39,"69,696",13.0,0.0,PySRRegressor_default,323.9080340862274,0.5888848761268366,1172.3953024870834,34.24025850496873
361268.0,fps_benchmark,FPS,"24,624",39,"69,696",13.0,0.0,PySRRegressor_validation,323.9080340862274,0.6197486201848971,1084.3797894358113,32.929922402517306
361268.0,fps_benchmark,FPS,"24,624",39,"69,696",13.0,1.0,PySRRegressor_default,321.2482829093933,0.4794585848255648,1488.4780194111368,38.5807985844142
361268.0,fps_benchmark,FPS,"24,624",39,"69,696",13.0,1.0,PySRRegressor_validation,321.2482829093933,0.61976814382137,1087.265573311069,32.97371033582768
361268.0,fps_benchmark,FPS,"24,624",39,"69,696",13.0,2.0,PySRRegressor_default,324.8683042526245,0.4846003309390363,1571.277521545482,39.63934310184116
361268.0,fps_benchmark,FPS,"24,624",39,"69,696",13.0,2.0,PySRRegressor_validation,324.8683042526245,0.5946136460943389,1235.8845060839624,35.15514906928944
361268.0,fps_benchmark,FPS,"24,624",39,"69,696",13.0,3.0,PySRRegressor_default,383.3826620578766,0.3851606108403254,1827.1657998587784,42.74535998045611
361268.0,fps_benchmark,FPS,"24,624",39,"69,696",13.0,3.0,PySRRegressor_validation,383.3826620578766,0.5059872126050451,1468.0960357055942,38.31574135659643
361268.0,fps_benchmark,FPS,"24,624",39,"69,696",13.0,4.0,PySRRegressor_default,325.5319411754608,0.6057905891091744,1203.615555365855,34.69316294842336
361268.0,fps_benchmark,FPS,"24,624",39,"69,696",13.0,4.0,PySRRegressor_validation,325.5319411754608,0.6517375929445768,1063.328370405523,32.60871617229852
361268.0,fps_benchmark,FPS,"24,624",39,"69,696",13.0,5.0,PySRRegressor_default,406.8996579647064,0.3885813023334789,1803.9928006100115,42.47343641159744
361268.0,fps_benchmark,FPS,"24,624",39,"69,696",13.0,5.0,PySRRegressor_validation,406.8996579647064,0.5089104425929121,1448.9612918254936,38.06522417936736
361268.0,fps_benchmark,FPS,"24,624",39,"69,696",13.0,6.0,PySRRegressor_default,336.03753185272217,0.5113933553173555,1551.4279595884198,39.388170300084006
361268.0,fps_benchmark,FPS,"24,624",39,"69,696",13.0,6.0,PySRRegressor_validation,336.03753185272217,0.6343516198452199,1161.009835874815,34.073594407910875
361268.0,fps_benchmark,FPS,"24,624",39,"69,696",13.0,7.0,PySRRegressor_default,329.9120397567749,0.3093633608218737,2070.241143892476,45.49990268003302
361268.0,fps_benchmark,FPS,"24,624",39,"69,696",13.0,7.0,PySRRegressor_validation,329.9120397567749,0.4902923591286492,1527.8913246536913,39.0882504680587
361268.0,fps_benchmark,FPS,"24,624",39,"69,696",13.0,8.0,PySRRegressor_default,318.6267864704132,0.5895162629347621,1212.4039795289148,34.819591892050006
361268.0,fps_benchmark,FPS,"24,624",39,"69,696",13.0,8.0,PySRRegressor_validation,318.6267864704132,0.5895162629347621,1212.4039795289148,34.819591892050006
361268.0,fps_benchmark,FPS,"24,624",39,"69,696",13.0,9.0,PySRRegressor_default,315.2052025794983,0.4741157430500579,1550.6584100231898,39.37840029791954
361268.0,fps_benchmark,FPS,"24,624",39,"69,696",13.0,9.0,PySRRegressor_validation,315.2052025794983,0.6308540197097221,1088.4891709505227,32.99225925805207
361261.0,cps88wages,wage,"28,155",6,0,4.0,0.0,PySRRegressor_default,140.00022959709167,0.0976768187700508,155172.4331538198,393.9193231536374
361261.0,cps88wages,wage,"28,155",6,0,4.0,0.0,PySRRegressor_validation,140.00022959709167,0.2997673261318982,120418.94748820412,347.0143332604636
361261.0,cps88wages,wage,"28,155",6,0,4.0,1.0,PySRRegressor_default,133.08515191078186,0.0749171326579829,212433.88484451472,460.9055053310979
361261.0,cps88wages,wage,"28,155",6,0,4.0,1.0,PySRRegressor_validation,133.08515191078186,0.2558530973319058,170884.16941825266,413.38138494404006
361261.0,cps88wages,wage,"28,155",6,0,4.0,2.0,PySRRegressor_default,127.09076309204102,0.0736668543176813,177763.57137628956,421.62017429943927
361261.0,cps88wages,wage,"28,155",6,0,4.0,2.0,PySRRegressor_validation,127.09076309204102,0.2857152173149369,137071.43541355987,370.231596995124
361261.0,cps88wages,wage,"28,155",6,0,4.0,3.0,PySRRegressor_default,131.64051151275635,0.0987508650991809,183029.4682981626,427.8194342221525
361261.0,cps88wages,wage,"28,155",6,0,4.0,3.0,PySRRegressor_validation,131.64051151275635,0.2682936824769572,148597.99922181023,385.4841102066468
361261.0,cps88wages,wage,"28,155",6,0,4.0,4.0,PySRRegressor_default,139.66119527816772,0.110481775607147,251139.5110572336,501.1382155226576
361261.0,cps88wages,wage,"28,155",6,0,4.0,4.0,PySRRegressor_validation,139.66119527816772,0.2007880593060115,225643.15211640505,475.0191071066564
361261.0,cps88wages,wage,"28,155",6,0,4.0,5.0,PySRRegressor_default,124.73169088363647,0.1204532929286126,152097.8628934287,389.9972601101561
361261.0,cps88wages,wage,"28,155",6,0,4.0,5.0,PySRRegressor_validation,124.73169088363647,0.3005207131893996,120959.24390002523,347.7919549098645
361261.0,cps88wages,wage,"28,155",6,0,4.0,6.0,PySRRegressor_default,130.65657377243042,0.1020244051173943,182995.28038212424,427.7794763451424
361261.0,cps88wages,wage,"28,155",6,0,4.0,6.0,PySRRegressor_validation,130.65657377243042,0.270423717306969,148677.77829642803,385.5875753916716
361261.0,cps88wages,wage,"28,155",6,0,4.0,7.0,PySRRegressor_default,125.80003023147584,0.112716972588062,155097.87706648745,393.82467808212255
361261.0,cps88wages,wage,"28,155",6,0,4.0,7.0,PySRRegressor_validation,125.80003023147584,0.3134054497484085,120017.34943589974,346.4352023624328
361261.0,cps88wages,wage,"28,155",6,0,4.0,8.0,PySRRegressor_default,123.19557666778564,0.1067910707568258,161631.19251128612,402.0338201088138
361261.0,cps88wages,wage,"28,155",6,0,4.0,8.0,PySRRegressor_validation,123.19557666778564,0.3186719636830109,123290.15014952546,351.12697154950297
361261.0,cps88wages,wage,"28,155",6,0,4.0,9.0,PySRRegressor_default,128.14172339439392,0.0650018307674029,228907.64265773213,478.44293563363664
361261.0,cps88wages,wage,"28,155",6,0,4.0,9.0,PySRRegressor_validation,128.14172339439392,0.2283381246364683,188919.40822011244,434.64860314984617
361241.0,physiochemical_protein,RMSD,"45,730",9,0,0.0,0.0,PySRRegressor_default,253.5979785919189,0.1376404664180607,32.13782755915943,5.669023510196393
361241.0,physiochemical_protein,RMSD,"45,730",9,0,0.0,0.0,PySRRegressor_validation,253.5979785919189,0.2947565260939601,26.282533292665565,5.126649324136142
361241.0,physiochemical_protein,RMSD,"45,730",9,0,0.0,1.0,PySRRegressor_default,259.0594174861908,0.1310675652201263,32.881843378684415,5.734269210517101
361241.0,physiochemical_protein,RMSD,"45,730",9,0,0.0,1.0,PySRRegressor_validation,259.0594174861908,0.2911555434204278,26.823848976247262,5.179174545837132
361241.0,physiochemical_protein,RMSD,"45,730",9,0,0.0,2.0,PySRRegressor_default,246.86639976501465,0.1218571882697753,32.676296417765336,5.716318432152406
361241.0,physiochemical_protein,RMSD,"45,730",9,0,0.0,2.0,PySRRegressor_validation,246.86639976501465,0.2821207139136469,26.712780690093368,5.168440837437666
361241.0,physiochemical_protein,RMSD,"45,730",9,0,0.0,3.0,PySRRegressor_default,254.22691798210144,0.1362390255731979,31.697156969333864,5.630022821386594
361241.0,physiochemical_protein,RMSD,"45,730",9,0,0.0,3.0,PySRRegressor_validation,254.22691798210144,0.3078488781031254,25.39964574322751,5.0398061215911385
361241.0,physiochemical_protein,RMSD,"45,730",9,0,0.0,4.0,PySRRegressor_default,253.4210906028748,0.1300331721978518,32.31620887337552,5.684734723219327
361241.0,physiochemical_protein,RMSD,"45,730",9,0,0.0,4.0,PySRRegressor_validation,253.4210906028748,0.2852448039534611,26.55064247348924,5.152731554572704
361241.0,physiochemical_protein,RMSD,"45,730",9,0,0.0,5.0,PySRRegressor_default,282.3047785758972,0.1318325119612122,33.45955574900465,5.784423545091132
361241.0,physiochemical_protein,RMSD,"45,730",9,0,0.0,5.0,PySRRegressor_validation,282.3047785758972,0.283492562050478,27.61451090365805,5.254951084801651
361241.0,physiochemical_protein,RMSD,"45,730",9,0,0.0,6.0,PySRRegressor_default,240.84057354927063,0.1158348945501326,32.47300797000286,5.698509276117997
361241.0,physiochemical_protein,RMSD,"45,730",9,0,0.0,6.0,PySRRegressor_validation,240.84057354927063,0.2685109887043164,26.86562537625625,5.1832060904671975
361241.0,physiochemical_protein,RMSD,"45,730",9,0,0.0,7.0,PySRRegressor_default,252.9336497783661,0.1375756652011311,32.537655655664295,5.704178788893656
361241.0,physiochemical_protein,RMSD,"45,730",9,0,0.0,7.0,PySRRegressor_validation,252.9336497783661,0.2845705298287178,26.991814594119063,5.195364721953509
361241.0,physiochemical_protein,RMSD,"45,730",9,0,0.0,8.0,PySRRegressor_default,265.14122009277344,0.1207616822417366,33.02265672575392,5.746534323029309
361241.0,physiochemical_protein,RMSD,"45,730",9,0,0.0,8.0,PySRRegressor_validation,265.14122009277344,0.2993866848808586,26.31381337162432,5.129699150206016
361241.0,physiochemical_protein,RMSD,"45,730",9,0,0.0,9.0,PySRRegressor_default,254.2029933929444,0.119236693897873,33.10778388876714,5.75393638205769
361241.0,physiochemical_protein,RMSD,"45,730",9,0,0.0,9.0,PySRRegressor_validation,254.2029933929444,0.275823462531248,27.221706596676785,5.217442534103925
361254.0,sarcos,V22,"48,933",21,0,0.0,0.0,PySRRegressor_default,818.1889476776123,0.9079319481840582,37.73478099390228,6.14286423371885
361254.0,sarcos,V22,"48,933",21,0,0.0,0.0,PySRRegressor_validation,818.1889476776123,0.9343549973356228,26.90509628504472,5.187012269606147
361254.0,sarcos,V22,"48,933",21,0,0.0,1.0,PySRRegressor_default,1727.70130610466,0.9064103722001956,40.84729567529263,6.391188909373015
361254.0,sarcos,V22,"48,933",21,0,0.0,1.0,PySRRegressor_validation,1727.70130610466,0.9231361344558184,33.54731839884156,5.7920046960306895
361254.0,sarcos,V22,"48,933",21,0,0.0,2.0,PySRRegressor_default,1810.848227739334,0.9035588881145872,38.25231866431812,6.184845888485672
361254.0,sarcos,V22,"48,933",21,0,0.0,2.0,PySRRegressor_validation,1810.848227739334,0.9216245345666952,31.08677638205967,5.575551666163598
361254.0,sarcos,V22,"48,933",21,0,0.0,3.0,PySRRegressor_default,1873.3667333126068,0.9093095203516208,36.430545417968034,6.035772147618566
361254.0,sarcos,V22,"48,933",21,0,0.0,3.0,PySRRegressor_validation,1873.3667333126068,0.930257584582346,28.015666498650493,5.292982760093829
361254.0,sarcos,V22,"48,933",21,0,0.0,4.0,PySRRegressor_default,2029.9237866401672,0.913768483876142,37.63219036689699,6.134508160145929
361254.0,sarcos,V22,"48,933",21,0,0.0,4.0,PySRRegressor_validation,2029.9237866401672,0.9270380024283148,31.841256023179945,5.642805687171936
361254.0,sarcos,V22,"48,933",21,0,0.0,5.0,PySRRegressor_default,2501.27223777771,0.9125637621386592,36.7476256294302,6.061981988543863
361254.0,sarcos,V22,"48,933",21,0,0.0,5.0,PySRRegressor_validation,2501.27223777771,0.9304236287895368,29.24149648285379,5.407540705612283
361254.0,sarcos,V22,"48,933",21,0,0.0,6.0,PySRRegressor_default,2853.4603848457336,0.9058858405412492,39.98071221260567,6.323030302995998
361254.0,sarcos,V22,"48,933",21,0,0.0,6.0,PySRRegressor_validation,2853.4603848457336,0.925352326615088,31.711138516312328,5.631264379898384
361254.0,sarcos,V22,"48,933",21,0,0.0,7.0,PySRRegressor_default,3005.850432872772,0.9156082842529312,36.73964508259027,6.061323707127864
361254.0,sarcos,V22,"48,933",21,0,0.0,7.0,PySRRegressor_validation,3005.850432872772,0.9352859138942744,28.173056257019184,5.307829712511431
361254.0,sarcos,V22,"48,933",21,0,0.0,8.0,PySRRegressor_default,760.4156069755554,0.909245675628076,37.87678269613235,6.1544116450016855
361254.0,sarcos,V22,"48,933",21,0,0.0,8.0,PySRRegressor_validation,760.4156069755554,0.9282590128167094,29.94146891349838,5.471879833612794
361254.0,sarcos,V22,"48,933",21,0,0.0,9.0,PySRRegressor_default,889.9639031887054,0.9041708139083212,38.73123700691344,6.223442536644284
361254.0,sarcos,V22,"48,933",21,0,0.0,9.0,PySRRegressor_validation,889.9639031887054,0.92455356677336,30.493149381772778,5.522060247930367
361257.0,diamonds,price,"53,940",9,0,3.0,0.0,PySRRegressor_default,693.2738528251648,0.9586864976429498,639939.5638635448,799.9622265229433
361257.0,diamonds,price,"53,940",9,0,3.0,0.0,PySRRegressor_validation,693.2738528251648,0.9673978408511484,505002.2466363375,710.6351009036476
361257.0,diamonds,price,"53,940",9,0,3.0,1.0,PySRRegressor_default,373.3497166633606,0.9573187538974518,688534.2307028531,829.7796277945447
361257.0,diamonds,price,"53,940",9,0,3.0,1.0,PySRRegressor_validation,373.3497166633606,0.9609104012952546,630593.7438656044,794.0993287149942
361257.0,diamonds,price,"53,940",9,0,3.0,2.0,PySRRegressor_default,307.6314196586609,0.9611253465990915,603908.332753059,777.1153921735555
361257.0,diamonds,price,"53,940",9,0,3.0,2.0,PySRRegressor_validation,307.6314196586609,0.9704180514549717,459548.4116907215,677.9000012470287
361257.0,diamonds,price,"53,940",9,0,3.0,3.0,PySRRegressor_default,289.177818775177,0.9628660477788451,575502.8463106235,758.6190389850649
361257.0,diamonds,price,"53,940",9,0,3.0,3.0,PySRRegressor_validation,289.177818775177,0.943629815722564,873626.4135180676,934.6798454647814
361257.0,diamonds,price,"53,940",9,0,3.0,4.0,PySRRegressor_default,329.39526653289795,0.9523521809105187,772623.0027820116,878.9897626150214
361257.0,diamonds,price,"53,940",9,0,3.0,4.0,PySRRegressor_validation,329.39526653289795,0.962259112278479,611979.2795615582,782.2910453031903
361257.0,diamonds,price,"53,940",9,0,3.0,5.0,PySRRegressor_default,315.93925762176514,0.7844762777462453,3385789.7311197957,1840.0515566472031
361257.0,diamonds,price,"53,940",9,0,3.0,5.0,PySRRegressor_validation,315.93925762176514,0.9229553992336474,1210339.2396212036,1100.1541890213407
361257.0,diamonds,price,"53,940",9,0,3.0,6.0,PySRRegressor_default,274.80996203422546,0.9535744500751985,759438.5071243524,871.4576909548463
361257.0,diamonds,price,"53,940",9,0,3.0,6.0,PySRRegressor_validation,274.80996203422546,0.9635613823403765,596070.2553211144,772.0558628241317
361257.0,diamonds,price,"53,940",9,0,3.0,7.0,PySRRegressor_default,298.7798593044281,0.9616005983045741,637262.9452774975,798.2875079052018
361257.0,diamonds,price,"53,940",9,0,3.0,7.0,PySRRegressor_validation,298.7798593044281,0.9628035188357743,617299.6998413394,785.6842239992727
361257.0,diamonds,price,"53,940",9,0,3.0,8.0,PySRRegressor_default,315.387930393219,0.947910257853365,847034.5838959414,920.3448179328992
361257.0,diamonds,price,"53,940",9,0,3.0,8.0,PySRRegressor_validation,315.387930393219,0.9628293087299467,604434.9562035244,777.4541505474933
361257.0,diamonds,price,"53,940",9,0,3.0,9.0,PySRRegressor_default,317.5755100250244,0.9516403369861792,741752.9861222061,861.2508264856447
361257.0,diamonds,price,"53,940",9,0,3.0,9.0,PySRRegressor_validation,317.5755100250244,0.904587536635018,1463460.9756073947,1209.735911514325
361252.0,video_transcoding,utime,"68,784",18,0,2.0,0.0,PySRRegressor_default,1097.9759259223938,0.7607409341058049,60.31681121790355,7.766389844574089
361252.0,video_transcoding,utime,"68,784",18,0,2.0,0.0,PySRRegressor_validation,1097.9759259223938,0.8353096394276602,41.51816505228315,6.443459090603676
361252.0,video_transcoding,utime,"68,784",18,0,2.0,1.0,PySRRegressor_default,1023.2317636013031,0.6157820281690631,108.68663519497645,10.425288254766697
361252.0,video_transcoding,utime,"68,784",18,0,2.0,1.0,PySRRegressor_validation,1023.2317636013031,0.7448398504020138,72.17907575613032,8.495826961286953
361252.0,video_transcoding,utime,"68,784",18,0,2.0,2.0,PySRRegressor_default,1201.9867761135101,0.7324120006754768,69.5648476607268,8.340554397684054
361252.0,video_transcoding,utime,"68,784",18,0,2.0,2.0,PySRRegressor_validation,1201.9867761135101,0.8165523965185744,47.690870375819806,6.905857685749092
361252.0,video_transcoding,utime,"68,784",18,0,2.0,3.0,PySRRegressor_default,1245.404291152954,0.7149086023270015,70.40243262285013,8.39061574753904
361252.0,video_transcoding,utime,"68,784",18,0,2.0,3.0,PySRRegressor_validation,1245.404291152954,0.7901243718981863,51.82813261719025,7.199175829023087
361252.0,video_transcoding,utime,"68,784",18,0,2.0,4.0,PySRRegressor_default,1433.5922877788544,0.7651014507371658,64.47442581213265,8.029596864857703
361252.0,video_transcoding,utime,"68,784",18,0,2.0,4.0,PySRRegressor_validation,1433.5922877788544,0.7654099929338283,64.38973784351363,8.024321643822214
361252.0,video_transcoding,utime,"68,784",18,0,2.0,5.0,PySRRegressor_default,1342.2804353237152,0.582736076396204,113.64539730493968,10.660459525974463
361252.0,video_transcoding,utime,"68,784",18,0,2.0,5.0,PySRRegressor_validation,1342.2804353237152,0.7059234556167007,80.09426129117611,8.94953972510185
361252.0,video_transcoding,utime,"68,784",18,0,2.0,6.0,PySRRegressor_default,1269.0031797885895,0.764651692092189,55.00593731360614,7.416598769894873
361252.0,video_transcoding,utime,"68,784",18,0,2.0,6.0,PySRRegressor_validation,1269.0031797885895,0.7909250377880219,48.86529402956864,6.99037152299995
361252.0,video_transcoding,utime,"68,784",18,0,2.0,7.0,PySRRegressor_default,1198.7590210437775,0.7371622724658562,64.86381368946333,8.053807403300834
361252.0,video_transcoding,utime,"68,784",18,0,2.0,7.0,PySRRegressor_validation,1198.7590210437775,0.7723856426922573,56.171293991797505,7.494751096053657
361252.0,video_transcoding,utime,"68,784",18,0,2.0,8.0,PySRRegressor_default,1152.5349218845367,0.774704306999242,62.55297270293621,7.909043728728284
361252.0,video_transcoding,utime,"68,784",18,0,2.0,8.0,PySRRegressor_validation,1152.5349218845367,0.8298643838036852,47.23786954812981,6.872981125256333
361252.0,video_transcoding,utime,"68,784",18,0,2.0,9.0,PySRRegressor_default,1301.584670305252,0.8023511448416528,48.87135179639266,6.990804803196315
361252.0,video_transcoding,utime,"68,784",18,0,2.0,9.0,PySRRegressor_validation,1301.584670305252,0.8418098519829261,39.11465294485085,6.254170843912952
361253.0,wave_energy,energy_total,"72,000",48,0,0.0,0.0,PySRRegressor_default,1757.3738543987274,0.7256378213358631,3398264464.46089,58294.6349543497
361253.0,wave_energy,energy_total,"72,000",48,0,0.0,0.0,PySRRegressor_validation,1757.3738543987274,0.7260396600700687,3393287268.6333017,58251.929312541244
361253.0,wave_energy,energy_total,"72,000",48,0,0.0,1.0,PySRRegressor_default,1554.8575313091278,0.7259137442144611,3422030520.531666,58498.12407703059
361253.0,wave_energy,energy_total,"72,000",48,0,0.0,1.0,PySRRegressor_validation,1554.8575313091278,0.7301710364025203,3368877239.420922,58042.029938837615
361253.0,wave_energy,energy_total,"72,000",48,0,0.0,2.0,PySRRegressor_default,1256.4690160751343,0.8361850862729101,2081161922.1194994,45619.75363939945
361253.0,wave_energy,energy_total,"72,000",48,0,0.0,2.0,PySRRegressor_validation,1256.4690160751343,0.8365789661084665,2076157935.0160036,45564.87611105734
361253.0,wave_energy,energy_total,"72,000",48,0,0.0,3.0,PySRRegressor_default,1952.7092287540436,0.678905418733758,4056005182.515778,63686.773999911304
361253.0,wave_energy,energy_total,"72,000",48,0,0.0,3.0,PySRRegressor_validation,1952.7092287540436,0.7116002185536785,3643010740.2303834,60357.35862536053
361253.0,wave_energy,energy_total,"72,000",48,0,0.0,4.0,PySRRegressor_default,1384.8828427791595,0.7888762312259415,2722244249.9201746,52175.1305692681
361253.0,wave_energy,energy_total,"72,000",48,0,0.0,4.0,PySRRegressor_validation,1384.8828427791595,0.796773120604741,2620421220.573352,51190.05001534333
361253.0,wave_energy,energy_total,"72,000",48,0,0.0,5.0,PySRRegressor_default,1371.8153986930847,0.8843341152037668,1446162423.6544378,38028.442298553826
361253.0,wave_energy,energy_total,"72,000",48,0,0.0,5.0,PySRRegressor_validation,1371.8153986930847,0.8843341152037668,1446162423.6544378,38028.442298553826
361253.0,wave_energy,energy_total,"72,000",48,0,0.0,6.0,PySRRegressor_default,1311.7014911174774,0.7759686441787439,2789745568.490584,52818.04207361897
361253.0,wave_energy,energy_total,"72,000",48,0,0.0,6.0,PySRRegressor_validation,1311.7014911174774,0.7772433724512412,2773872042.5004716,52667.56157731694
361253.0,wave_energy,energy_total,"72,000",48,0,0.0,7.0,PySRRegressor_default,1242.6602675914764,0.8261099620199672,2165913752.5623927,46539.37851499945
361253.0,wave_energy,energy_total,"72,000",48,0,0.0,7.0,PySRRegressor_validation,1242.6602675914764,0.8261099620199672,2165913752.5623927,46539.37851499945
361253.0,wave_energy,energy_total,"72,000",48,0,0.0,8.0,PySRRegressor_default,1207.7107717990875,0.826899342529907,2141377806.155663,46275.02356731613
361253.0,wave_energy,energy_total,"72,000",48,0,0.0,8.0,PySRRegressor_validation,1207.7107717990875,0.8272692445750417,2136801855.714574,46225.55414177935
361253.0,wave_energy,energy_total,"72,000",48,0,0.0,9.0,PySRRegressor_default,1284.7771410942078,0.7839841318415625,2780983525.944656,52735.03129746541
361253.0,wave_energy,energy_total,"72,000",48,0,0.0,9.0,PySRRegressor_validation,1284.7771410942078,0.7843496150620561,2776278303.0188265,52690.40048261947
